PRAGMA foreign_keys=OFF;
BEGIN TRANSACTION;
CREATE TABLE `questions_backup` (`id` INTEGER PRIMARY KEY, `question_sk` TEXT NOT NULL, `question_en` TEXT NOT NULL, `options_sk` JSON, `options_en` JSON, `areas_sk` JSON NOT NULL, `areas_en` JSON NOT NULL, `correct_answer` JSON NOT NULL, `type` TEXT, `createdAt` DATETIME NOT NULL, `updatedAt` DATETIME NOT NULL);
INSERT INTO questions_backup VALUES(1,'Množina všetkých riešení rovnice $\sin x = \sqrt{3} \cos x$ je','The set of all solutions to the equation $\sin x = \sqrt{3} \cos x$ is','["$\\{k\\pi; k \\in \\mathbb{Z}\\} \\cup \\{\\frac{\\pi}{3} + k\\pi; k \\in \\mathbb{Z}\\}$","$\\{\\frac{\\pi}{3} + k\\pi; k \\in \\mathbb{Z}\\}$","$\\{k\\pi; k \\in \\mathbb{Z}\\}$","prázdna množina","$\\{\\frac{\\pi}{6} + k\\pi; k \\in \\mathbb{Z}\\}$"]','["$\\{k\\pi; k \\in \\mathbb{Z}\\} \\cup \\{\\frac{\\pi}{3} + k\\pi; k \\in \\mathbb{Z}\\}$","$\\{\\frac{\\pi}{3} + k\\pi; k \\in \\mathbb{Z}\\}$","$\\{k\\pi; k \\in \\mathbb{Z}\\}$","empty set","$\\{\\frac{\\pi}{6} + k\\pi; k \\in \\mathbb{Z}\\}$"]','["trigonometria"]','["trigonometry"]',1,'single','2025-05-20 18:16:55.137 +00:00','2025-05-20 18:16:55.137 +00:00');
INSERT INTO questions_backup VALUES(2,'Kvadratická rovnica $2x^2 + 7x - 4 = 0$ má:','The quadratic equation $2x^2 + 7x - 4 = 0$ has:','["Práve dve riešenia, ktorých súčet je číslo $-7$","Práve dve záporné riešenia","Práve dve riešenia, ktorých súčin je číslo $-2$","Práve dve riešenia, ktorých súčin je číslo $-4$","Práve dve kladné riešenia"]','["Exactly two solutions whose sum is $-7$","Exactly two negative solutions","Exactly two solutions whose product is $-2$","Exactly two solutions whose product is $-4$","Exactly two positive solutions"]','["algebra","kvadratické rovnice"]','["algebra","quadratic equations"]',2,'single','2025-05-20 18:16:55.137 +00:00','2025-05-20 18:16:55.137 +00:00');
INSERT INTO questions_backup VALUES(3,'Zámok s číselníkom má trojciferný kód ABC. Každá cifra je z množiny $\{0,1,...,9\}$. Koľko je rôznych kódov, ak kód má najviac dve cifry rovnaké?','A combination lock has a three-digit code ABC. Each digit is from the set $\{0,1,...,9\}$. How many different codes are there if the code has at most two identical digits?','["$10^3$","990","$(10)_3$","Žiadna z ostatných odpovedí nie je správna","$10\\cdot9\\cdot8$"]','["$10^3$","990","$(10)_3$","None of the other answers is correct","$10\\cdot9\\cdot8$"]','["kombinatorika"]','["combinatorics"]',1,'single','2025-05-20 18:16:55.137 +00:00','2025-05-20 18:16:55.137 +00:00');
INSERT INTO questions_backup VALUES(4,'Rovnica $4^x + 2^x = 6$','The equation $4^x + 2^x = 6$','["nemá žiadne riešenie","má práve dve riešenia, ktorých súčet je $-1$","má práve jedno riešenie","má práve dve riešenia, ktorých súčin je $6$","má práve dve riešenia, $x=2$ a $x=-3$"]','["has no solution","has exactly two solutions whose sum is $-1$","has exactly one solution","has exactly two solutions whose product is $6$","has exactly two solutions, $x=2$ and $x=-3$"]','["algebra","exponenciálne rovnice"]','["algebra","exponential equations"]',2,'single','2025-05-20 18:16:55.137 +00:00','2025-05-20 18:16:55.137 +00:00');
INSERT INTO questions_backup VALUES(5,'Riešte nerovnicu $\frac{3x^2+8x+3}{x-1} \geq 1$. Množina riešení je','Solve the inequality $\frac{3x^2+8x+3}{x-1} \geq 1$. The solution set is','["$(-\\infty,-\\frac{4}{3})\\cup(-1,1)$","$(-\\frac{4}{3},-1)\\cup(1,\\infty)$","$(-\\frac{4}{3},-1)$","Žiadna z ostatných odpovedí nie je správna","$(-\\infty,-\\frac{4}{3})$"]','["$(-\\infty,-\\frac{4}{3})\\cup(-1,1)$","$(-\\frac{4}{3},-1)\\cup(1,\\infty)$","$(-\\frac{4}{3},-1)$","None of the other answers is correct","$(-\\infty,-\\frac{4}{3})$"]','["algebra","nerovnice"]','["algebra","inequalities"]',1,'single','2025-05-20 18:16:55.137 +00:00','2025-05-20 18:16:55.137 +00:00');
INSERT INTO questions_backup VALUES(6,'Výraz $\frac{1+\sqrt{a}}{1-\sqrt{a}} : \frac{1+a}{1-a}$ sa pre $a\geq0, a\neq1$ rovná','The expression $\frac{1+\sqrt{a}}{1-\sqrt{a}} : \frac{1+a}{1-a}$ for $a\geq0, a\neq1$ equals','["$\\frac{1-\\sqrt{a}}{1+\\sqrt{a}}$","$1$","$1 + \\frac{2\\sqrt{a}}{1+a}$","$1 - \\frac{\\sqrt{a}}{1+a}$","Žiadna z ostatných odpovedí nie je správna"]','["$\\frac{1-\\sqrt{a}}{1+\\sqrt{a}}$","$1$","$1 + \\frac{2\\sqrt{a}}{1+a}$","$1 - \\frac{\\sqrt{a}}{1+a}$","None of the other answers is correct"]','["algebra","zjednodušenie výrazov"]','["algebra","expression simplification"]',0,'single','2025-05-20 18:16:55.137 +00:00','2025-05-20 18:16:55.137 +00:00');
INSERT INTO questions_backup VALUES(7,'Ak $\log3=a$ a $\log2=b$, čomu sa rovná $\log18$?','If $\log3=a$ and $\log2=b$, what is $\log18$ equal to?','["$a^2b$","Nedá sa určiť","$2a + b$","$2ab$","$a^2 + b$"]','["$a^2b$","Cannot be determined","$2a + b$","$2ab$","$a^2 + b$"]','["algebra","logaritmy"]','["algebra","logarithms"]',2,'single','2025-05-20 18:16:55.137 +00:00','2025-05-20 18:16:55.137 +00:00');
INSERT INTO questions_backup VALUES(8,'Nulové body funkcie $f(x)=2x-4$ sú','The zeros of the function $f(x)=2x-4$ are','["Má dva nulové body: $-4$ a $2$","Má jeden nulový bod: $-4$","Nemá žiaden nulový bod","Žiadna z ostatných odpovedí nie je pravdivá","Má jeden nulový bod: $2$"]','["Has two zeros: $-4$ and $2$","Has one zero: $-4$","Has no zeros","None of the other answers is true","Has one zero: $2$"]','["algebra","lineárne funkcie"]','["algebra","linear functions"]',4,'single','2025-05-20 18:16:55.137 +00:00','2025-05-20 18:16:55.137 +00:00');
INSERT INTO questions_backup VALUES(9,'Rovnica $\sqrt{-2x^2+2x-3} = \sqrt{-3x}$ (v $\mathbb{R}$)','The equation $\sqrt{-2x^2+2x-3} = \sqrt{-3x}$ (in $\mathbb{R}$)','["má práve dva iracionálne korene","nemá žiadne riešenie","má práve jeden celočíselný koreň","má práve dva korene, ktorých súčet je $\\frac{5}{2}$","má práve dva korene, ktorých súčin je $-\\frac{3}{2}$"]','["has exactly two irrational roots","has no solution","has exactly one integer root","has exactly two roots whose sum is $\\frac{5}{2}$","has exactly two roots whose product is $-\\frac{3}{2}$"]','["algebra","iracionálne rovnice"]','["algebra","irrational equations"]',1,'single','2025-05-20 18:16:55.137 +00:00','2025-05-20 18:16:55.137 +00:00');
INSERT INTO questions_backup VALUES(10,'4 priamky v rovine môžu rozdeliť rovinu na najviac $n$ častí. Nájdite $n$.','4 lines in a plane can divide the plane into at most $n$ parts. Find $n$.','["10","8","12","9","11"]','["10","8","12","9","11"]','["geometria","kombinatorika"]','["geometry","combinatorics"]',3,'single','2025-05-20 18:16:55.137 +00:00','2025-05-20 18:16:55.137 +00:00');
INSERT INTO questions_backup VALUES(11,'Počet priesečníkov grafu $f(x)=x^2-3x+1$ a priamky $y=x-4$ je','The number of intersection points of the graph $f(x)=x^2-3x+1$ and the line $y=x-4$ is','["práve tri","žiadny","práve jeden","Žiadna z ostatných odpovedí nie je správna","práve dva"]','["exactly three","none","exactly one","None of the other answers is correct","exactly two"]','["algebra","funkcie"]','["algebra","functions"]',4,'single','2025-05-20 18:16:55.137 +00:00','2025-05-20 18:16:55.137 +00:00');
INSERT INTO questions_backup VALUES(12,'Spoločný menovateľ zlomkov $\frac{x}{x+1}$, $\frac{x}{x^2-1}$, $\frac{x+1}{2+x}$ je','The common denominator of the fractions $\frac{x}{x+1}$, $\frac{x}{x^2-1}$, $\frac{x+1}{2+x}$ is','["$x^2 - 1$","$x + 1$","$x(x + 1)$","$x^3 + 2x^2 - x - 2$","Žiadna z ostatných odpovedí nie je správna"]','["$x^2 - 1$","$x + 1$","$x(x + 1)$","$x^3 + 2x^2 - x - 2$","None of the other answers is correct"]','["algebra","zlomky"]','["algebra","fractions"]',3,'single','2025-05-20 18:16:55.137 +00:00','2025-05-20 18:16:55.137 +00:00');
INSERT INTO questions_backup VALUES(13,'Výrok: ''Ak študent maturoval z informatiky (I), tak nematuroval z matematiky (M) alebo nematuroval z fyziky (F)'' je ekvivalentný s','The statement: ''If a student graduated in computer science (I), then they did not graduate in mathematics (M) or did not graduate in physics (F)'' is equivalent to','["Študent maturoval buď zo všetkých troch predmetov F, I, M, alebo zo žiadneho z nich","Študent maturoval aspoň z jedného z predmetov F, I, M","Študent maturoval najviac z jedného z predmetov F, I, M","Študent maturoval aspoň z dvoch z predmetov F, I, M","Študent maturoval najviac z dvoch z predmetov F, I, M"]','["The student graduated either from all three subjects F, I, M, or from none of them","The student graduated from at least one of the subjects F, I, M","The student graduated from at most one of the subjects F, I, M","The student graduated from at least two of the subjects F, I, M","The student graduated from at most two of the subjects F, I, M"]','["logika"]','["logic"]',4,'single','2025-05-20 18:16:55.137 +00:00','2025-05-20 18:16:55.137 +00:00');
INSERT INTO questions_backup VALUES(14,'Každý prvok množiny M je prirodzené číslo, ktoré buď je deliteľné tromi a nie je deliteľné jedenástimi, alebo nie je deliteľné tromi a je deliteľné jedenástimi. Vyberte množinu M.','Every element of set M is a natural number that is either divisible by three and not divisible by eleven, or not divisible by three and divisible by eleven. Select the set M.','["$M = \\{11, 22, 33\\}$","Žiadna z množín v ostatných odpovediach nemá danú vlastnosť","$M = \\{75, 121, 758961\\}$","$M = \\{174, 2772, 358479\\}$","$M = \\{675, 12549, 257866\\}$"]','["$M = \\{11, 22, 33\\}$","None of the sets in the other answers has the given property","$M = \\{75, 121, 758961\\}$","$M = \\{174, 2772, 358479\\}$","$M = \\{675, 12549, 257866\\}$"]','["teória čísel"]','["number theory"]',2,'single','2025-05-20 18:16:55.137 +00:00','2025-05-20 18:16:55.137 +00:00');
INSERT INTO questions_backup VALUES(15,'Súčet prvých štyroch členov aritmetickej postupnosti $\{a_n\}$, ak $a_2 + a_3 = 8$, je','The sum of the first four terms of an arithmetic sequence $\{a_n\}$, if $a_2 + a_3 = 8$, is','["Nedá sa vypočítať","8","16","12","20"]','["Cannot be calculated","8","16","12","20"]','["algebra","postupnosti"]','["algebra","sequences"]',2,'single','2025-05-20 18:16:55.137 +00:00','2025-05-20 18:16:55.137 +00:00');
INSERT INTO questions_backup VALUES(16,'V kocke so stranou $a$ je vpísaná guľa. A) Vyjadrite, koľko percent objemu kocky tvorí guľa. B) O koľko percent sa zmení pomer, ak stranu kocky zväčšíme dvojnásobne a guľu tiež.','A sphere is inscribed in a cube with side $a$. A) Express what percentage of the cube''s volume is the sphere. B) By what percentage will the ratio change if we double the side of the cube and also the sphere.',NULL,NULL,'["geometria","percentá"]','["geometry","percentages"]','"52.36, 0"','open','2025-05-20 18:16:55.137 +00:00','2025-05-20 18:16:55.137 +00:00');
INSERT INTO questions_backup VALUES(17,'Zjednodušte výraz a určte podmienky riešenia','Simplify the expression and determine the solution conditions',NULL,NULL,'["algebra","zjednodušenie výrazov"]','["algebra","expression simplification"]','"$\\frac{a+1}{a-1}$"','open','2025-05-20 18:16:55.137 +00:00','2025-05-20 18:16:55.137 +00:00');
INSERT INTO questions_backup VALUES(18,'V množine prirodzených čísel riešte nerovnicu: $\frac{2x-1}{5} - \frac{3-2x}{4} < \frac{3-x-1}{2}$','In the set of natural numbers, solve the inequality: $\frac{2x-1}{5} - \frac{3-2x}{4} < \frac{3-x-1}{2}$',NULL,NULL,'["algebra","nerovnice"]','["algebra","inequalities"]','"$\\{1, 2\\}$"','open','2025-05-20 18:16:55.137 +00:00','2025-05-20 18:16:55.137 +00:00');
INSERT INTO questions_backup VALUES(19,'Vypočítajte povrch kocky s telesovou uhlopriečkou $u_s=12$ cm','Calculate the surface area of a cube with space diagonal $u_s=12$ cm',NULL,NULL,'["geometria"]','["geometry"]','"288"','open','2025-05-20 18:16:55.137 +00:00','2025-05-20 18:16:55.137 +00:00');
INSERT INTO questions_backup VALUES(20,'Riešte rovnicu $3x^2+5x-2=0$','Solve the equation $3x^2+5x-2=0$',NULL,NULL,'["algebra","kvadratické rovnice"]','["algebra","quadratic equations"]','"$-2, \\frac{1}{3}$"','open','2025-05-20 18:16:55.137 +00:00','2025-05-20 18:16:55.137 +00:00');
INSERT INTO questions_backup VALUES(23,'Určte vzdialenosť priesečníkov grafu $f(x)=x^2+2x-3$ s osou $x$','Determine the distance between the intersection points of the graph $f(x)=x^2+2x-3$ with the x-axis',NULL,NULL,'["algebra","funkcie"]','["algebra","functions"]','"4"','open','2025-05-20 18:16:55.193 +00:00','2025-05-20 18:16:55.193 +00:00');
INSERT INTO questions_backup VALUES(24,'Určte pravdivosť výrokov: V1: Existuje prvočíslo deliteľné 8. V2: Všetky prvočísla sú nepárne. V3: Existuje celé číslo, ktoré nie je racionálne. V4: Existuje iracionálne číslo ako podiel prirodzených čísel. V5: Každé nepárne číslo je tvaru $2x+1$, $x\in\mathbb{Z}$.','Determine the truth of the statements: V1: There exists a prime number divisible by 8. V2: All prime numbers are odd. V3: There exists an integer that is not rational. V4: There exists an irrational number as a quotient of natural numbers. V5: Every odd number is of the form $2x+1$, $x\in\mathbb{Z}$.',NULL,NULL,'["teória čísel","logika"]','["number theory","logic"]','"False, False, False, True, True"','open','2025-05-20 18:16:55.193 +00:00','2025-05-20 18:16:55.193 +00:00');
INSERT INTO questions_backup VALUES(25,'Nájdite vzdialenosť zdroja signálu od 2. detektora pomocou kosínusovej vety ($a=\sqrt{7}$ km, $c=1$ km, $\alpha=60^\circ$)','Find the distance of the signal source from the 2nd detector using the cosine theorem ($a=\sqrt{7}$ km, $c=1$ km, $\alpha=60^\circ$)',NULL,NULL,'["geometria","trigonometria"]','["geometry","trigonometry"]','"2"','open','2025-05-20 18:16:55.193 +00:00','2025-05-20 18:16:55.193 +00:00');
INSERT INTO questions_backup VALUES(26,'Vypočítajte priemerný odpor tranzistorov (pôvodne 15 vzoriek s priemerom 172 mΩ, pridané vzorky: 148, 152, 150, 151, 159 mΩ)','Calculate the average resistance of transistors (originally 15 samples with average 172 mΩ, added samples: 148, 152, 150, 151, 159 mΩ)',NULL,NULL,'["štatistika"]','["statistics"]','"168.5"','open','2025-05-20 18:16:55.193 +00:00','2025-05-20 18:16:55.193 +00:00');
INSERT INTO questions_backup VALUES(27,'Vypočítajte medznú frekvenciu filtra $f_t=\frac{1}{2\pi RC}$ pre $R=10^4 \Omega$, $C=10^{-7}$ F, $\frac{1}{2\pi}=0.16$','Calculate the cutoff frequency of the filter $f_t=\frac{1}{2\pi RC}$ for $R=10^4 \Omega$, $C=10^{-7}$ F, $\frac{1}{2\pi}=0.16$',NULL,NULL,'["fyzika","algebra"]','["physics","algebra"]','"160"','open','2025-05-20 18:16:55.193 +00:00','2025-05-20 18:16:55.193 +00:00');
INSERT INTO questions_backup VALUES(28,'Vypočítajte výstupné napätie zosilňovača pre $U_m=1$ mV a zosilnenie $60=20\log\left(\frac{U_{out}}{U_m}\right)$','Calculate the output voltage of an amplifier for $U_m=1$ mV and gain $60=20\log\left(\frac{U_{out}}{U_m}\right)$',NULL,NULL,'["fyzika","logaritmy"]','["physics","logarithms"]','"1"','open','2025-05-20 18:16:55.193 +00:00','2025-05-20 18:16:55.193 +00:00');
INSERT INTO questions_backup VALUES(30,'Koľkými spôsobmi si môže 5 spolužiakov (Adam, Betka, Cyril, Dávid, Evka) sadnúť do kina, ak Betka nechce sedieť vedľa Cyrila a Evka chce sedieť na kraji?','In how many ways can 5 classmates (Adam, Betka, Cyril, Dávid, Evka) sit in a cinema if Betka doesn''t want to sit next to Cyril and Evka wants to sit at the end?',NULL,NULL,'["kombinatorika"]','["combinatorics"]','"24"','open','2025-05-20 18:16:55.193 +00:00','2025-05-20 18:16:55.193 +00:00');
INSERT INTO questions_backup VALUES(31,'Číslo 260 je súčinom piatoch po sebe idúcich čísel. Nájdite tieto čísla.','The number 260 is the sum of five consecutive numbers. Find these numbers.',NULL,NULL,'["algebra"]','["algebra"]','"50, 51, 52, 53, 54"','open','2025-05-20 18:16:55.193 +00:00','2025-05-20 18:16:55.193 +00:00');
INSERT INTO questions_backup VALUES(33,'Ktorá parametrická rovnica opisuje priamku prechádzajúcu bodmi $A[-1;2]$ a $B[2;3]$?','Which parametric equation describes the line passing through points $A[-1;2]$ and $B[2;3]$?','["$x=2+3t; y=-1+t$","$x=3+3t; y=1+t$","$x=-1+t; y=2+3t$","$x=2-3t; y=3-t$","$x=3-t; y=1+2t$"]','["$x=2+3t; y=-1+t$","$x=3+3t; y=1+t$","$x=-1+t; y=2+3t$","$x=2-3t; y=3-t$","$x=3-t; y=1+2t$"]','["geometria","lineárna algebra"]','["geometry","linear algebra"]',3,'single','2025-05-20 18:16:55.193 +00:00','2025-05-20 18:16:55.193 +00:00');
INSERT INTO questions_backup VALUES(34,'Kvadratická rovnica $2x^2 + 7x - 4 = 0$ má:','The quadratic equation $2x^2 + 7x - 4 = 0$ has:','["Práve dve riešenia, ktorých súčet je $-7$","Práve dve záporné riešenia","Práve dve riešenia, ktorých súčin je $-2$","Práve dve riešenia, ktorých súčin je $-4$","Práve dve kladné riešenia"]','["Exactly two solutions whose sum is $-7$","Exactly two negative solutions","Exactly two solutions whose product is $-2$","Exactly two solutions whose product is $-4$","Exactly two positive solutions"]','["algebra","kvadratické rovnice"]','["algebra","quadratic equations"]',2,'single','2025-05-20 18:16:55.193 +00:00','2025-05-20 18:16:55.193 +00:00');
INSERT INTO questions_backup VALUES(35,'Koľko je trojciferných kódov z cifier $\{1,2,...,9\}$ s najviac dvomi rovnakými ciframi?','How many three-digit codes are there from digits $\{1,2,...,9\}$ with at most two identical digits?','["$10^3$","990","$(10)_3$","Žiadna z ostatných odpovedí nie je správna","$10\\cdot9\\cdot8$"]','["$10^3$","990","$(10)_3$","None of the other answers is correct","$10\\cdot9\\cdot8$"]','["kombinatorika"]','["combinatorics"]',1,'single','2025-05-20 18:16:55.193 +00:00','2025-05-20 18:16:55.193 +00:00');
INSERT INTO questions_backup VALUES(36,'Súčet 17 rôznych prirodzených čísel je 154. Určte súčet dvoch najväčších z nich.','The sum of 17 different natural numbers is 154. Determine the sum of the two largest of them.',NULL,NULL,'["teória čísel"]','["number theory"]','"29"','open','2025-05-20 18:16:55.193 +00:00','2025-05-20 18:16:55.193 +00:00');
INSERT INTO questions_backup VALUES(37,'Peter trénuje na polmaratón (1. deň 1000m, každý ďalší +250m). V určitý deň zabehol 21km. Koľko km spolu zabehol?','Peter is training for a half-marathon (1st day 1000m, each next day +250m). On a certain day he ran 21km. How many km did he run in total?',NULL,NULL,'["algebra","postupnosti"]','["algebra","sequences"]','"66"','open','2025-05-20 18:16:55.193 +00:00','2025-05-20 18:16:55.193 +00:00');
INSERT INTO questions_backup VALUES(38,'Ktorý výraz zodpovedá tvrdeniu: ''Vzdialenosť čísla $x$ od $-4$ na číselnej osi je 5''?','Which expression corresponds to the statement: ''The distance of number $x$ from $-4$ on the number line is 5''?','["$x - 4 = 5$","$x + 4 = 5$","$|x - 4| = 5$","$|x + 4| = 5$","$x + 4 = |5|$"]','["$x - 4 = 5$","$x + 4 = 5$","$|x - 4| = 5$","$|x + 4| = 5$","$x + 4 = |5|$"]','["algebra"]','["algebra"]',3,'single','2025-05-20 18:16:55.193 +00:00','2025-05-20 18:16:55.193 +00:00');
INSERT INTO questions_backup VALUES(39,'Zvuk prekoná 1km za 3s. Hrmenie bolo počuť 11s po blesku. V akej vzdialenosti je búrka?','Sound travels 1km in 3s. Thunder was heard 11s after lightning. How far is the storm?',NULL,NULL,'["fyzika"]','["physics"]','"3.67"','open','2025-05-20 18:16:55.193 +00:00','2025-05-20 18:16:55.193 +00:00');
INSERT INTO questions_backup VALUES(40,'3D tlačiareň (2200€) zdražela o 50%, potom zlacnela o 10%, a nakoniec mala 10% kartovú zľavu. Aká je konečná cena?','A 3D printer (2200€) became 50% more expensive, then 10% cheaper, and finally had a 10% card discount. What is the final price?',NULL,NULL,'["percentá"]','["percentages"]','"2673"','open','2025-05-20 18:16:55.193 +00:00','2025-05-20 18:16:55.193 +00:00');
INSERT INTO questions_backup VALUES(43,'Vypočítajte minimálny výkon klimatizácie pre väčšiu izbu (rozmery 540×300×280 cm, výkon 31W/m³)','Calculate the minimum power of air conditioning for a larger room (dimensions 540×300×280 cm, power 31W/m³)',NULL,NULL,'["geometria","prevody jednotiek"]','["geometry","unit conversion"]','"1400"','open','2025-05-20 18:16:55.193 +00:00','2025-05-20 18:16:55.193 +00:00');
INSERT INTO questions_backup VALUES(44,'Do akej výšky siaha hladina vody v akváriu (50×20 cm podstava) s 100 litrami vody?','To what height does the water level reach in an aquarium (50×20 cm base) with 100 liters of water?',NULL,NULL,'["geometria","prevody jednotiek"]','["geometry","unit conversion"]','"100"','open','2025-05-20 18:16:55.193 +00:00','2025-05-20 18:16:55.193 +00:00');
INSERT INTO questions_backup VALUES(46,'Riešte rovnicu $\log_{x-1}8 = 3$','Solve the equation $\log_{x-1}8 = 3$','["$x=3$","$x=1$","$x=4$","$x=2$","$x=5$"]','["$x=3$","$x=1$","$x=4$","$x=2$","$x=5$"]','["algebra","logaritmy"]','["algebra","logarithms"]',0,'single','2025-05-20 18:16:55.193 +00:00','2025-05-20 18:16:55.193 +00:00');
INSERT INTO questions_backup VALUES(47,'Riešte rovnicu $5^{2x-1} = 25$','Solve the equation $5^{2x-1} = 25$','["$x=-1$","$x=-\\frac{1}{2}$","$x=1$","$x=2$","$x=0$"]','["$x=-1$","$x=-\\frac{1}{2}$","$x=1$","$x=2$","$x=0$"]','["algebra","exponenciálne rovnice"]','["algebra","exponential equations"]',2,'single','2025-05-20 18:16:55.193 +00:00','2025-05-20 18:16:55.193 +00:00');
INSERT INTO questions_backup VALUES(48,'Spoločný menovateľ zlomkov $\frac{x}{x-2}$, $\frac{x}{x+2}$, $\frac{x}{4-x^2}$ je','The common denominator of the fractions $\frac{x}{x-2}$, $\frac{x}{x+2}$, $\frac{x}{4-x^2}$ is','["$x+2$","$x$","$x^2-4$","$x-2$","Žiadna z ostatných odpovedí nie je správna"]','["$x+2$","$x$","$x^2-4$","$x-2$","None of the other answers is correct"]','["algebra","zlomky"]','["algebra","fractions"]',2,'single','2025-05-20 18:16:55.234 +00:00','2025-05-20 18:16:55.234 +00:00');
INSERT INTO questions_backup VALUES(49,'Rozklad kvadratického trojčlenu $3x^2 + 9x -12$ je','The factorization of the quadratic trinomial $3x^2 + 9x -12$ is','["$3(x+1)(x-4)$","$(x-3)(x+4)$","$3(x+1)(x+4)$","$3(x-1)(x+4)$","$3(x-2)(x+2)$"]','["$3(x+1)(x-4)$","$(x-3)(x+4)$","$3(x+1)(x+4)$","$3(x-1)(x+4)$","$3(x-2)(x+2)$"]','["algebra","polynómy"]','["algebra","polynomials"]',0,'single','2025-05-20 18:16:55.234 +00:00','2025-05-20 18:16:55.234 +00:00');
INSERT INTO questions_backup VALUES(50,'Riešenie nerovnice $\frac{1-x}{x+5} \geq 2$ je','The solution to the inequality $\frac{1-x}{x+5} \geq 2$ is','["$(-5,-3\\rangle$","Žiadna z ostatných odpovedí nie je správna","$\\langle-5,-3\\rangle$","$(-\\infty,-5)\\cup\\langle-3,\\infty)$","$\\langle-5,-3)$"]','["$(-5,-3\\rangle$","None of the other answers is correct","$\\langle-5,-3\\rangle$","$(-\\infty,-5)\\cup\\langle-3,\\infty)$","$\\langle-5,-3)$"]','["algebra","nerovnice"]','["algebra","inequalities"]',0,'single','2025-05-20 18:16:55.234 +00:00','2025-05-20 18:16:55.234 +00:00');
INSERT INTO questions_backup VALUES(51,'Definičný obor funkcie $f(x) = \log(3-x)$ je','The domain of the function $f(x) = \log(3-x)$ is','["$(-3,3)$","$(-\\infty,-3)$","$(-3,\\infty)$","$(-\\infty,3)$","$(3,\\infty)$"]','["$(-3,3)$","$(-\\infty,-3)$","$(-3,\\infty)$","$(-\\infty,3)$","$(3,\\infty)$"]','["algebra","funkcie"]','["algebra","functions"]',3,'single','2025-05-20 18:16:55.234 +00:00','2025-05-20 18:16:55.234 +00:00');
INSERT INTO questions_backup VALUES(52,'Z výroku ''Bod A nie je priesečníkom priamok p a q'' vyplýva','From the statement ''Point A is not the intersection of lines p and q'' it follows that','["Bod A neleží na p alebo q","Bod A neleží na p ani q","Priamky p a q sú rovnobežné","Buď p alebo q nie je priamka","Priamky p a q majú iný priesečník"]','["Point A does not lie on p or q","Point A lies neither on p nor q","Lines p and q are parallel","Either p or q is not a line","Lines p and q have a different intersection"]','["geometria","logika"]','["geometry","logic"]',0,'single','2025-05-20 18:16:55.234 +00:00','2025-05-20 18:16:55.234 +00:00');
INSERT INTO questions_backup VALUES(53,'Riešenie rovnice $2^{2x+1} = 4^{2x-3}$ patrí do intervalu','The solution to the equation $2^{2x+1} = 4^{2x-3}$ belongs to the interval','["$(-\\infty,0)\\cup(4,\\infty)$","$(2,3)$","$(1,2)$","$(3,4)$","$(0,1)$"]','["$(-\\infty,0)\\cup(4,\\infty)$","$(2,3)$","$(1,2)$","$(3,4)$","$(0,1)$"]','["algebra","exponenciálne rovnice"]','["algebra","exponential equations"]',3,'single','2025-05-20 18:16:55.234 +00:00','2025-05-20 18:16:55.234 +00:00');
INSERT INTO questions_backup VALUES(54,'Zjednodušte výraz $(\frac{1}{a} + 1) : (a + 2 + \frac{1-2(a+1)^2}{a})$ pre $a\neq0, a\neq-1$','Simplify the expression $(\frac{1}{a} + 1) : (a + 2 + \frac{1-2(a+1)^2}{a})$ for $a\neq0, a\neq-1$','["Žiadna z ostatných odpovedí nie je správna","$\\frac{2a}{1-a}$","$\\frac{1}{1-a}$","$-\\frac{1}{1+a}$","$\\frac{1}{a}$"]','["None of the other answers is correct","$\\frac{2a}{1-a}$","$\\frac{1}{1-a}$","$-\\frac{1}{1+a}$","$\\frac{1}{a}$"]','["algebra","zjednodušenie výrazov"]','["algebra","expression simplification"]',2,'single','2025-05-20 18:16:55.234 +00:00','2025-05-20 18:16:55.234 +00:00');
INSERT INTO questions_backup VALUES(55,'Lineárna funkcia $f(x)=3x+1$','The linear function $f(x)=3x+1$','["má nulový bod $1$","má nulový bod $\\frac{1}{3}$","má nulové body $1$ a $3$","Žiadna z ostatných odpovedí nie je pravdivá","nemá nulové body"]','["has a zero at $1$","has a zero at $\\frac{1}{3}$","has zeros at $1$ and $3$","None of the other answers is true","has no zeros"]','["algebra","lineárne funkcie"]','["algebra","linear functions"]',1,'single','2025-05-20 18:16:55.234 +00:00','2025-05-20 18:16:55.234 +00:00');
INSERT INTO questions_backup VALUES(56,'Riešenie rovnice $|x-2|=5$ je','The solution to the equation $|x-2|=5$ is','["$\\{1,5\\}$","$\\{7\\}$","$\\{2,5\\}$","$\\{-3,2,7\\}$","$\\{-3,7\\}$"]','["$\\{1,5\\}$","$\\{7\\}$","$\\{2,5\\}$","$\\{-3,2,7\\}$","$\\{-3,7\\}$"]','["algebra","absolútna hodnota"]','["algebra","absolute value"]',4,'single','2025-05-20 18:16:55.234 +00:00','2025-05-20 18:16:55.234 +00:00');
INSERT INTO questions_backup VALUES(57,'Graf funkcie $f(x)=3x^2-5x+2$','The graph of the function $f(x)=3x^2-5x+2$','["leží celý nad osou $x$","leží celý pod osou $x$","Žiadna z ostatných odpovedí nie je správna","pretína os $x$ v dvoch bodoch","dotýka sa osi $x$ v jednom bode"]','["lies entirely above the x-axis","lies entirely below the x-axis","None of the other answers is correct","intersects the x-axis at two points","touches the x-axis at one point"]','["algebra","funkcie"]','["algebra","functions"]',3,'single','2025-05-20 18:16:55.234 +00:00','2025-05-20 18:16:55.234 +00:00');
INSERT INTO questions_backup VALUES(58,'Koľkými spôsobmi sa dá rozdeliť pravidelný šesťuholník na 4 neprekrývajúce sa trojuholníky?','In how many ways can a regular hexagon be divided into 4 non-overlapping triangles?','["6","12","14","18","Žiadna z ostatných odpovedí nie je správna"]','["6","12","14","18","None of the other answers is correct"]','["geometria","kombinatorika"]','["geometry","combinatorics"]',2,'single','2025-05-20 18:16:55.234 +00:00','2025-05-20 18:16:55.234 +00:00');
INSERT INTO questions_backup VALUES(59,'Množina riešení rovnice $2 \sin x = \tan x$ je','The solution set of the equation $2 \sin x = \tan x$ is','["$\\{\\frac{\\pi}{3} + 2k\\pi\\}$","$\\{k\\pi\\} \\cup \\{\\frac{\\pi}{3} + k\\pi\\}$","Nemá riešenie","$\\{k\\pi\\} \\cup \\{\\frac{\\pi}{3} + 2k\\pi\\} \\cup \\{-\\frac{\\pi}{3} + 2k\\pi\\}$","$\\{k\\pi\\}$"]','["$\\{\\frac{\\pi}{3} + 2k\\pi\\}$","$\\{k\\pi\\} \\cup \\{\\frac{\\pi}{3} + k\\pi\\}$","Has no solution","$\\{k\\pi\\} \\cup \\{\\frac{\\pi}{3} + 2k\\pi\\} \\cup \\{-\\frac{\\pi}{3} + 2k\\pi\\}$","$\\{k\\pi\\}$"]','["trigonometria"]','["trigonometry"]',1,'single','2025-05-20 18:16:55.234 +00:00','2025-05-20 18:16:55.234 +00:00');
INSERT INTO questions_backup VALUES(60,'Prienik dvoch trojuholníkov je úsečka. Ich zjednotenie je','The intersection of two triangles is a segment. Their union is','["trojuholník alebo štvoruholník","trojuholník, štvoruholník, päťuholník alebo šesťuholník","trojuholník, štvoruholník alebo päťuholník","trojuholník","štvoruholník"]','["triangle or quadrilateral","triangle, quadrilateral, pentagon or hexagon","triangle, quadrilateral or pentagon","triangle","quadrilateral"]','["geometria"]','["geometry"]',1,'single','2025-05-20 18:16:55.234 +00:00','2025-05-20 18:16:55.234 +00:00');
INSERT INTO questions_backup VALUES(61,'Nulové body funkcie $f(x)=2x+4$ sú','The zeros of the function $f(x)=2x+4$ are','["Má jeden nulový bod: $4$","Žiadna z ostatných odpovedí nie je pravdivá","Má dva nulové body: $2$ a $4$","Má jeden nulový bod: $2$","Nemá žiaden nulový bod"]','["Has one zero: $4$","None of the other answers is true","Has two zeros: $2$ and $4$","Has one zero: $2$","Has no zeros"]','["algebra","lineárne funkcie"]','["algebra","linear functions"]',3,'single','2025-05-20 18:16:55.234 +00:00','2025-05-20 18:16:55.234 +00:00');
INSERT INTO questions_backup VALUES(62,'Polomery sústredných kružníc s plochou medzikružia $3\pi$ sú','The radii of concentric circles with an annulus area of $3\pi$ are','["$r_1=\\frac{3}{2}, r_2=3$","$r_1=1, r_2=4$","$r_1=\\sqrt{5}, r_2=2\\sqrt{2}$","$r_1=3, r_2=12$","$r_1=\\sqrt{12}, r_2=\\sqrt{6}$"]','["$r_1=\\frac{3}{2}, r_2=3$","$r_1=1, r_2=4$","$r_1=\\sqrt{5}, r_2=2\\sqrt{2}$","$r_1=3, r_2=12$","$r_1=\\sqrt{12}, r_2=\\sqrt{6}$"]','["geometria"]','["geometry"]',1,'single','2025-05-20 18:16:55.234 +00:00','2025-05-20 18:16:55.234 +00:00');
INSERT INTO questions_backup VALUES(63,'Rovnica $2^x + (\frac{1}{2})^x = 2$','The equation $2^x + (\frac{1}{2})^x = 2$','["má riešenia so súčinom $1$","má riešenia so súčtom $2$","má práve jedno riešenie","nemá riešenie","má riešenia so súčtom $0$"]','["has solutions with product $1$","has solutions with sum $2$","has exactly one solution","has no solution","has solutions with sum $0$"]','["algebra","exponenciálne rovnice"]','["algebra","exponential equations"]',2,'single','2025-05-20 18:16:55.234 +00:00','2025-05-20 18:16:55.234 +00:00');
INSERT INTO questions_backup VALUES(64,'Súčet prvých 5 členov AP s $a_2+a_3+a_4=9$ je','The sum of the first 5 terms of an AP with $a_2+a_3+a_4=9$ is','["18","6","Nedá sa určiť","15","9"]','["18","6","Cannot be determined","15","9"]','["algebra","postupnosti"]','["algebra","sequences"]',3,'single','2025-05-20 18:16:55.234 +00:00','2025-05-20 18:16:55.234 +00:00');
INSERT INTO questions_backup VALUES(65,'Kvadratická rovnica $3x^2+2x-3=0$ má','The quadratic equation $3x^2+2x-3=0$ has','["práve jedno riešenie","riešenia so súčinom $-3$","dve záporné riešenia","riešenia so súčinom $-1$","dve kladné riešenia"]','["exactly one solution","solutions with product $-3$","two negative solutions","solutions with product $-1$","two positive solutions"]','["algebra","kvadratické rovnice"]','["algebra","quadratic equations"]',1,'single','2025-05-20 18:16:55.234 +00:00','2025-05-20 18:16:55.234 +00:00');
INSERT INTO questions_backup VALUES(66,'Zjednodušenie výrazu $\frac{a^2-2ab+b^2}{a^2-a^2-ab^2+b^2}$ pre $a\neq b, a\neq -b$','Simplification of the expression $\frac{a^2-2ab+b^2}{a^2-a^2-ab^2+b^2}$ for $a\neq b, a\neq -b$','["$\\frac{1}{a-b}$","Žiadna z ostatných odpovedí nie je správna","$a+b$","$\\frac{1}{a+b}$","$a-b$"]','["$\\frac{1}{a-b}$","None of the other answers is correct","$a+b$","$\\frac{1}{a+b}$","$a-b$"]','["algebra","zjednodušenie výrazov"]','["algebra","expression simplification"]',3,'single','2025-05-20 18:16:55.234 +00:00','2025-05-20 18:16:55.234 +00:00');
INSERT INTO questions_backup VALUES(67,'Rovnica $\sqrt{1+x-2x^2} = \sqrt{x}$ (v $\mathbb{R}$)','The equation $\sqrt{1+x-2x^2} = \sqrt{x}$ (in $\mathbb{R}$)','["nemá riešenie","má iracionálne korene","má korene so súčinom $-\\frac{1}{2}$","má celočíselný koreň","má práve jeden koreň"]','["has no solution","has irrational roots","has roots with product $-\\frac{1}{2}$","has an integer root","has exactly one root"]','["algebra","iracionálne rovnice"]','["algebra","irrational equations"]',4,'single','2025-05-20 18:16:55.234 +00:00','2025-05-20 18:16:55.234 +00:00');
INSERT INTO questions_backup VALUES(68,'Obvod kosoštvorca s uhlopriečkami 6cm a 8cm je','The perimeter of a rhombus with diagonals 6cm and 8cm is','["16cm","Nedá sa určiť","14cm","28cm","20cm"]','["16cm","Cannot be determined","14cm","28cm","20cm"]','["geometria"]','["geometry"]',4,'single','2025-05-20 18:16:55.277 +00:00','2025-05-20 18:16:55.277 +00:00');
INSERT INTO questions_backup VALUES(69,'Počet štvorciferných čísel so všetkými rôznymi ciframi','The number of four-digit numbers with all different digits','["$9\\cdot9\\cdot8\\cdot7$","$10\\cdot9\\cdot8\\cdot6$","$10\\cdot9\\cdot8\\cdot7$","9000","Žiadna z ostatných"]','["$9\\cdot9\\cdot8\\cdot7$","$10\\cdot9\\cdot8\\cdot6$","$10\\cdot9\\cdot8\\cdot7$","9000","None of the others"]','["kombinatorika"]','["combinatorics"]',0,'single','2025-05-20 18:16:55.277 +00:00','2025-05-20 18:16:55.277 +00:00');
INSERT INTO questions_backup VALUES(70,'Počet priesečníkov $f(x)=x^2-2x+2$ a $y=1$','The number of intersection points of $f(x)=x^2-2x+2$ and $y=1$','["Žiadna z ostatných","3","1","2","0"]','["None of the others","3","1","2","0"]','["algebra","funkcie"]','["algebra","functions"]',3,'single','2025-05-20 18:16:55.277 +00:00','2025-05-20 18:16:55.277 +00:00');
INSERT INTO questions_backup VALUES(71,'Riešenia rovnice $\sin x = \cos x$','Solutions to the equation $\sin x = \cos x$','["$\\{k\\pi\\} \\cup \\{\\frac{\\pi}{4}+k\\pi\\}$","$\\{\\frac{\\pi}{4}+k\\pi\\}$","$\\{\\frac{\\pi}{4}+2k\\pi\\}$","$\\{k\\pi\\}$","prázdna množina"]','["$\\{k\\pi\\} \\cup \\{\\frac{\\pi}{4}+k\\pi\\}$","$\\{\\frac{\\pi}{4}+k\\pi\\}$","$\\{\\frac{\\pi}{4}+2k\\pi\\}$","$\\{k\\pi\\}$","empty set"]','["trigonometria"]','["trigonometry"]',1,'single','2025-05-20 18:16:55.277 +00:00','2025-05-20 18:16:55.277 +00:00');
INSERT INTO questions_backup VALUES(72,'Spoločný menovateľ zlomkov $\frac{x+1}{x-1}$, $\frac{x-1}{x+1}$, $\frac{-x}{1+x^2}$','Common denominator of the fractions $\frac{x+1}{x-1}$, $\frac{x-1}{x+1}$, $\frac{-x}{1+x^2}$','["Žiadna z ostatných","$1-x^2$","$1+x^2$","$x^4-1$","$x$"]','["None of the others","$1-x^2$","$1+x^2$","$x^4-1$","$x$"]','["algebra","zlomky"]','["algebra","fractions"]',3,'single','2025-05-20 18:16:55.277 +00:00','2025-05-20 18:16:55.277 +00:00');
INSERT INTO questions_backup VALUES(73,'Ak $\log3=a$ a $\log2=b$, potom $\log12=$','If $\log3=a$ and $\log2=b$, then $\log12=$','["$2ab$","$2a+b$","$4a$","$a+b^2$","$a+2b$"]','["$2ab$","$2a+b$","$4a$","$a+b^2$","$a+2b$"]','["algebra","logaritmy"]','["algebra","logarithms"]',1,'single','2025-05-20 18:16:55.277 +00:00','2025-05-20 18:16:55.277 +00:00');
INSERT INTO questions_backup VALUES(74,'Množina M prirodzených čísel deliteľných práve dvomi z $\{3,11,33\}$','Set M of natural numbers divisible by exactly two of $\{3,11,33\}$','["$M=\\emptyset$","$M=\\{11,22,33\\}$","$M=\\{75,121,758961\\}$","$M=\\{174,2772,358479\\}$","$M=\\{675,12549,257866\\}$"]','["$M=\\emptyset$","$M=\\{11,22,33\\}$","$M=\\{75,121,758961\\}$","$M=\\{174,2772,358479\\}$","$M=\\{675,12549,257866\\}$"]','["teória čísel"]','["number theory"]',2,'single','2025-05-20 18:16:55.277 +00:00','2025-05-20 18:16:55.277 +00:00');
INSERT INTO questions_backup VALUES(75,'Riešenie nerovnice $\left|\frac{x-3}{2x-5}\right| \geq 1$','Solution to the inequality $\left|\frac{x-3}{2x-5}\right| \geq 1$','["$(2,\\frac{8}{3})$","Žiadna z ostatných","$(2,\\frac{5}{2}) \\cup (\\frac{5}{2},\\frac{8}{3})$","$(2,\\frac{5}{2}) \\cup (\\frac{5}{2},\\frac{8}{3})$","$(2,\\frac{5}{2})$"]','["$(2,\\frac{8}{3})$","None of the others","$(2,\\frac{5}{2}) \\cup (\\frac{5}{2},\\frac{8}{3})$","$(2,\\frac{5}{2}) \\cup (\\frac{5}{2},\\frac{8}{3})$","$(2,\\frac{5}{2})$"]','["algebra","nerovnice"]','["algebra","inequalities"]',2,'single','2025-05-20 18:16:55.277 +00:00','2025-05-20 18:16:55.277 +00:00');
INSERT INTO questions_backup VALUES(76,'Negácia výroku: ''Ak má $\triangle ABC$ zhodné uhly pri $A,B$, tak je rovnostranný''','Negation of the statement: ''If $\triangle ABC$ has equal angles at $A,B$, then it is equilateral''','["Ak má $\\triangle ABC$ zhodné uhly pri $A,B$, tak je rovnoramenný","Ak je $\\triangle ABC$ rovnostranný, tak má zhodné uhly pri $A,B$","$\\triangle ABC$ má zhodné uhly pri $A,B$ a nie je rovnostranný","$\\triangle ABC$ je rovnostranný a nemá zhodné uhly pri $A,B$","Ak má $\\triangle ABC$ zhodné uhly pri $A,B,C$, tak je rovnostranný"]','["If $\\triangle ABC$ has equal angles at $A,B$, then it is isosceles","If $\\triangle ABC$ is equilateral, then it has equal angles at $A,B$","$\\triangle ABC$ has equal angles at $A,B$ and is not equilateral","$\\triangle ABC$ is equilateral and does not have equal angles at $A,B$","If $\\triangle ABC$ has equal angles at $A,B,C$, then it is equilateral"]','["logika"]','["logic"]',2,'single','2025-05-20 18:16:55.277 +00:00','2025-05-20 18:16:55.277 +00:00');
INSERT INTO questions_backup VALUES(77,'Nulové body funkcie $f(x)=3x-1$','Zeros of the function $f(x)=3x-1$','["Žiadna z ostatných","Nemá nulové body","$1$ a $3$","$\\frac{1}{3}$","$1$"]','["None of the others","Has no zeros","$1$ and $3$","$\\frac{1}{3}$","$1$"]','["algebra","lineárne funkcie"]','["algebra","linear functions"]',3,'single','2025-05-20 18:16:55.277 +00:00','2025-05-20 18:16:55.277 +00:00');
INSERT INTO questions_backup VALUES(78,'Kvadratická rovnica $2x^2+x-5=0$ má','The quadratic equation $2x^2+x-5=0$ has','["práve jedno riešenie","dve záporné riešenia","riešenia so súčinom $-5$","riešenia so súčtom $-\\frac{1}{2}$","dve kladné riešenia"]','["exactly one solution","two negative solutions","solutions with product $-5$","solutions with sum $-\\frac{1}{2}$","two positive solutions"]','["algebra","kvadratické rovnice"]','["algebra","quadratic equations"]',2,'single','2025-05-20 18:16:55.277 +00:00','2025-05-20 18:16:55.277 +00:00');
INSERT INTO questions_backup VALUES(79,'Rovnica $\sqrt{-x^2-2x-9} = \sqrt{4x}$ (v $\mathbb{R}$)','The equation $\sqrt{-x^2-2x-9} = \sqrt{4x}$ (in $\mathbb{R}$)','["má celočíselný koreň","má korene so súčtom $\\frac{5}{2}$","má iracionálne korene","má korene so súčinom $-\\frac{3}{2}$","nemá riešenie"]','["has an integer root","has roots with sum $\\frac{5}{2}$","has irrational roots","has roots with product $-\\frac{3}{2}$","has no solution"]','["algebra","iracionálne rovnice"]','["algebra","irrational equations"]',4,'single','2025-05-20 18:16:55.277 +00:00','2025-05-20 18:16:55.277 +00:00');
INSERT INTO questions_backup VALUES(80,'Riešenie nerovnice $\frac{2x^2-3x+5}{x+1} \geq 2$','Solution to the inequality $\frac{2x^2-3x+5}{x+1} \geq 2$','["Žiadna z ostatných","$(-\\infty,1) \\cup (\\frac{3}{2},\\infty)$","$(\\frac{3}{2},\\infty)$","$(-1,1) \\cup (\\frac{3}{2},\\infty)$","$(1,\\infty)$"]','["None of the others","$(-\\infty,1) \\cup (\\frac{3}{2},\\infty)$","$(\\frac{3}{2},\\infty)$","$(-1,1) \\cup (\\frac{3}{2},\\infty)$","$(1,\\infty)$"]','["algebra","nerovnice"]','["algebra","inequalities"]',2,'single','2025-05-20 18:16:55.277 +00:00','2025-05-20 18:16:55.277 +00:00');
INSERT INTO questions_backup VALUES(81,'Množina dvojciferných čísel deliteľných 4 a 6, ale nie 8','Set of two-digit numbers divisible by 4 and 6, but not by 8','["$\\{36,72\\}$","$\\{12,36,60,84\\}$","$\\emptyset$","$\\{12,24,...,96\\}$","$\\{24,48,72,96\\}$"]','["$\\{36,72\\}$","$\\{12,36,60,84\\}$","$\\emptyset$","$\\{12,24,...,96\\}$","$\\{24,48,72,96\\}$"]','["teória čísel"]','["number theory"]',1,'single','2025-05-20 18:16:55.277 +00:00','2025-05-20 18:16:55.277 +00:00');
INSERT INTO questions_backup VALUES(82,'Počet štvorciferných čísel s dvomi párnymi a dvomi nepárnymi ciframi (0=párna)','Number of four-digit numbers with two even and two odd digits (0=even)','["Žiadna z ostatných","$5^3\\cdot4$","$5^3\\cdot3^3$","$10\\cdot10\\cdot5\\cdot5$","$5^4$"]','["None of the others","$5^3\\cdot4$","$5^3\\cdot3^3$","$10\\cdot10\\cdot5\\cdot5$","$5^4$"]','["kombinatorika"]','["combinatorics"]',3,'single','2025-05-20 18:16:55.277 +00:00','2025-05-20 18:16:55.277 +00:00');
INSERT INTO questions_backup VALUES(83,'Ak $\log3=a$ a $\log4=b$, potom $\log6=$','If $\log3=a$ and $\log4=b$, then $\log6=$','["$a+\\sqrt{b}$","$3b$","$a+\\frac{b}{2}$","$2a$"]','["$a+\\sqrt{b}$","$3b$","$a+\\frac{b}{2}$","$2a$"]','["algebra","logaritmy"]','["algebra","logarithms"]',2,'single','2025-05-20 18:16:55.277 +00:00','2025-05-20 18:16:55.277 +00:00');
INSERT INTO questions_backup VALUES(84,'100. člen AP s $a_{n+1}=a_n-\frac{1}{3}$, $a_1=65$','100th term of AP with $a_{n+1}=a_n-\frac{1}{3}$, $a_1=65$','["$-\\frac{100}{3}$","32","$\\frac{95}{3}$","$\\frac{194}{3}$","0"]','["$-\\frac{100}{3}$","32","$\\frac{95}{3}$","$\\frac{194}{3}$","0"]','["algebra","postupnosti"]','["algebra","sequences"]',1,'single','2025-05-20 18:16:55.277 +00:00','2025-05-20 18:16:55.277 +00:00');
INSERT INTO questions_backup VALUES(85,'Dĺžka strany rovnostranného $\triangle ABC$, kde $A$ je vzdialený 1 od priamky $BC$','Length of the side of equilateral $\triangle ABC$ where $A$ is 1 unit away from line $BC$','["$\\frac{1}{\\sqrt{3}}$","1","$\\frac{1}{\\sqrt{5}}$","Žiadna z ostatných"]','["$\\frac{1}{\\sqrt{3}}$","1","$\\frac{1}{\\sqrt{5}}$","None of the others"]','["geometria"]','["geometry"]',0,'single','2025-05-20 18:16:55.277 +00:00','2025-05-20 18:16:55.277 +00:00');
INSERT INTO questions_backup VALUES(86,'Rovnica $4^x - 2^x = 2$','The equation $4^x - 2^x = 2$','["nemá riešenie","má práve jedno riešenie","má riešenia so súčtom $1$","má riešenia $x=0$ a $x=1$","má riešenia so súčtom $-1$"]','["has no solution","has exactly one solution","has solutions with sum $1$","has solutions $x=0$ and $x=1$","has solutions with sum $-1$"]','["algebra","exponenciálne rovnice"]','["algebra","exponential equations"]',1,'single','2025-05-20 18:16:55.277 +00:00','2025-05-20 18:16:55.277 +00:00');
INSERT INTO questions_backup VALUES(87,'Zjednodušenie výrazu $\frac{1-\sqrt{a}}{1+\sqrt{a}} : \frac{1-a}{1+a}$ pre $a\geq0, a\neq1$','Simplification of the expression $\frac{1-\sqrt{a}}{1+\sqrt{a}} : \frac{1-a}{1+a}$ for $a\geq0, a\neq1$','["$1 - \\frac{2\\sqrt{a}}{1+2\\sqrt{a}+a}$","$\\frac{1+\\sqrt{a}}{1-\\sqrt{a}}$","Žiadna z ostatných","$1 - \\frac{\\sqrt{a}}{1+a}$","$1$"]','["$1 - \\frac{2\\sqrt{a}}{1+2\\sqrt{a}+a}$","$\\frac{1+\\sqrt{a}}{1-\\sqrt{a}}$","None of the others","$1 - \\frac{\\sqrt{a}}{1+a}$","$1$"]','["algebra","zjednodušenie výrazov"]','["algebra","expression simplification"]',1,'single','2025-05-20 18:16:55.277 +00:00','2025-05-20 18:16:55.277 +00:00');
CREATE TABLE `Users` (`id` INTEGER PRIMARY KEY AUTOINCREMENT, `email` VARCHAR(255) NOT NULL UNIQUE, `password` VARCHAR(255) NOT NULL, `api_key` VARCHAR(255) UNIQUE, `is_admin` TINYINT(1) DEFAULT 0, `createdAt` DATETIME NOT NULL, `updatedAt` DATETIME NOT NULL);
INSERT INTO Users VALUES(1,'admin@example.com','$2b$10$IZlAOaXN/M.uJO63124wM.hn8irp8ke0yf1pSDxDUbFXY6Go10A.O','85f6684f-2227-41c7-ad87-3c400e7523be',1,'2025-05-20 18:51:03.932 +00:00','2025-05-20 21:11:53.693 +00:00');
INSERT INTO Users VALUES(2,'vika@gmail.com','$2b$10$2GW7F/oSpmEo38nEJerF3O7jNXslAQkxZFa2rzSBK8UQqdjAH2Ov6','5138fc29-8211-43ee-a3b9-e4d399fadd67',0,'2025-05-20 21:12:10.151 +00:00','2025-05-20 21:12:20.840 +00:00');
INSERT INTO Users VALUES(3,'test@example.com','$2b$10$9J6oMk2qqG17OfO/mzCzBehpH5hZeLhZREHjq3qvdvW2.C.UgBOzC',NULL,0,'2025-05-21 18:24:39.560 +00:00','2025-05-21 18:24:39.560 +00:00');
CREATE TABLE `questions` (`id` INTEGER PRIMARY KEY AUTOINCREMENT, `question_sk` TEXT NOT NULL, `question_en` TEXT NOT NULL, `options_sk` JSON, `options_en` JSON, `areas_sk` JSON NOT NULL, `areas_en` JSON NOT NULL, `correct_answer` JSON NOT NULL, `type` TEXT, `createdAt` DATETIME NOT NULL, `updatedAt` DATETIME NOT NULL);
INSERT INTO questions VALUES(1,'Množina všetkých riešení rovnice $\sin x = \sqrt{3} \cos x$ je','The set of all solutions to the equation $\sin x = \sqrt{3} \cos x$ is','["$\\{k\\pi; k \\in \\mathbb{Z}\\} \\cup \\{\\frac{\\pi}{3} + k\\pi; k \\in \\mathbb{Z}\\}$","$\\{\\frac{\\pi}{3} + k\\pi; k \\in \\mathbb{Z}\\}$","$\\{k\\pi; k \\in \\mathbb{Z}\\}$","prázdna množina","$\\{\\frac{\\pi}{6} + k\\pi; k \\in \\mathbb{Z}\\}$"]','["$\\{k\\pi; k \\in \\mathbb{Z}\\} \\cup \\{\\frac{\\pi}{3} + k\\pi; k \\in \\mathbb{Z}\\}$","$\\{\\frac{\\pi}{3} + k\\pi; k \\in \\mathbb{Z}\\}$","$\\{k\\pi; k \\in \\mathbb{Z}\\}$","empty set","$\\{\\frac{\\pi}{6} + k\\pi; k \\in \\mathbb{Z}\\}$"]','["trigonometria"]','["trigonometry"]',1,'single','2025-05-21 00:26:27.724 +00:00','2025-05-21 00:26:27.724 +00:00');
INSERT INTO questions VALUES(2,'Kvadratická rovnica $2x^2 + 7x - 4 = 0$ má:','The quadratic equation $2x^2 + 7x - 4 = 0$ has:','["Práve dve riešenia, ktorých súčet je číslo $-7$","Práve dve záporné riešenia","Práve dve riešenia, ktorých súčin je číslo $-2$","Práve dve riešenia, ktorých súčin je číslo $-4$","Práve dve kladné riešenia"]','["Exactly two solutions whose sum is $-7$","Exactly two negative solutions","Exactly two solutions whose product is $-2$","Exactly two solutions whose product is $-4$","Exactly two positive solutions"]','["algebra","kvadratické rovnice"]','["algebra","quadratic equations"]',2,'single','2025-05-21 00:26:27.724 +00:00','2025-05-21 00:26:27.724 +00:00');
INSERT INTO questions VALUES(3,'Zámok s číselníkom má trojciferný kód ABC. Každá cifra je z množiny $\{0,1,...,9\}$. Koľko je rôznych kódov, ak kód má najviac dve cifry rovnaké?','A combination lock has a three-digit code ABC. Each digit is from the set $\{0,1,...,9\}$. How many different codes are there if the code has at most two identical digits?','["$10^3$","990","$(10)_3$","Žiadna z ostatných odpovedí nie je správna","$10\\cdot9\\cdot8$"]','["$10^3$","990","$(10)_3$","None of the other answers is correct","$10\\cdot9\\cdot8$"]','["kombinatorika"]','["combinatorics"]',1,'single','2025-05-21 00:26:27.724 +00:00','2025-05-21 00:26:27.724 +00:00');
INSERT INTO questions VALUES(4,'Rovnica $4^x + 2^x = 6$','The equation $4^x + 2^x = 6$','["nemá žiadne riešenie","má práve dve riešenia, ktorých súčet je $-1$","má práve jedno riešenie","má práve dve riešenia, ktorých súčin je $6$","má práve dve riešenia, $x=2$ a $x=-3$"]','["has no solution","has exactly two solutions whose sum is $-1$","has exactly one solution","has exactly two solutions whose product is $6$","has exactly two solutions, $x=2$ and $x=-3$"]','["algebra","exponenciálne rovnice"]','["algebra","exponential equations"]',2,'single','2025-05-21 00:26:27.724 +00:00','2025-05-21 00:26:27.724 +00:00');
INSERT INTO questions VALUES(5,'Riešte nerovnicu $\frac{3x^2+8x+3}{x-1} \geq 1$. Množina riešení je','Solve the inequality $\frac{3x^2+8x+3}{x-1} \geq 1$. The solution set is','["$(-\\infty,-\\frac{4}{3})\\cup(-1,1)$","$(-\\frac{4}{3},-1)\\cup(1,\\infty)$","$(-\\frac{4}{3},-1)$","Žiadna z ostatných odpovedí nie je správna","$(-\\infty,-\\frac{4}{3})$"]','["$(-\\infty,-\\frac{4}{3})\\cup(-1,1)$","$(-\\frac{4}{3},-1)\\cup(1,\\infty)$","$(-\\frac{4}{3},-1)$","None of the other answers is correct","$(-\\infty,-\\frac{4}{3})$"]','["algebra","nerovnice"]','["algebra","inequalities"]',1,'single','2025-05-21 00:26:27.724 +00:00','2025-05-21 00:26:27.724 +00:00');
INSERT INTO questions VALUES(6,'Výraz $\frac{1+\sqrt{a}}{1-\sqrt{a}} : \frac{1+a}{1-a}$ sa pre $a\geq0, a\neq1$ rovná','The expression $\frac{1+\sqrt{a}}{1-\sqrt{a}} : \frac{1+a}{1-a}$ for $a\geq0, a\neq1$ equals','["$\\frac{1-\\sqrt{a}}{1+\\sqrt{a}}$","$1$","$1 + \\frac{2\\sqrt{a}}{1+a}$","$1 - \\frac{\\sqrt{a}}{1+a}$","Žiadna z ostatných odpovedí nie je správna"]','["$\\frac{1-\\sqrt{a}}{1+\\sqrt{a}}$","$1$","$1 + \\frac{2\\sqrt{a}}{1+a}$","$1 - \\frac{\\sqrt{a}}{1+a}$","None of the other answers is correct"]','["algebra","zjednodušenie výrazov"]','["algebra","expression simplification"]',0,'single','2025-05-21 00:26:27.724 +00:00','2025-05-21 00:26:27.724 +00:00');
INSERT INTO questions VALUES(7,'Ak $\log3=a$ a $\log2=b$, čomu sa rovná $\log18$?','If $\log3=a$ and $\log2=b$, what is $\log18$ equal to?','["$a^2b$","Nedá sa určiť","$2a + b$","$2ab$","$a^2 + b$"]','["$a^2b$","Cannot be determined","$2a + b$","$2ab$","$a^2 + b$"]','["algebra","logaritmy"]','["algebra","logarithms"]',2,'single','2025-05-21 00:26:27.724 +00:00','2025-05-21 00:26:27.724 +00:00');
INSERT INTO questions VALUES(8,'Nulové body funkcie $f(x)=2x-4$ sú','The zeros of the function $f(x)=2x-4$ are','["Má dva nulové body: $-4$ a $2$","Má jeden nulový bod: $-4$","Nemá žiaden nulový bod","Žiadna z ostatných odpovedí nie je pravdivá","Má jeden nulový bod: $2$"]','["Has two zeros: $-4$ and $2$","Has one zero: $-4$","Has no zeros","None of the other answers is true","Has one zero: $2$"]','["algebra","lineárne funkcie"]','["algebra","linear functions"]',4,'single','2025-05-21 00:26:27.724 +00:00','2025-05-21 00:26:27.724 +00:00');
INSERT INTO questions VALUES(9,'Rovnica $\sqrt{-2x^2+2x-3} = \sqrt{-3x}$ (v $\mathbb{R}$)','The equation $\sqrt{-2x^2+2x-3} = \sqrt{-3x}$ (in $\mathbb{R}$)','["má práve dva iracionálne korene","nemá žiadne riešenie","má práve jeden celočíselný koreň","má práve dva korene, ktorých súčet je $\\frac{5}{2}$","má práve dva korene, ktorých súčin je $-\\frac{3}{2}$"]','["has exactly two irrational roots","has no solution","has exactly one integer root","has exactly two roots whose sum is $\\frac{5}{2}$","has exactly two roots whose product is $-\\frac{3}{2}$"]','["algebra","iracionálne rovnice"]','["algebra","irrational equations"]',1,'single','2025-05-21 00:26:27.724 +00:00','2025-05-21 00:26:27.724 +00:00');
INSERT INTO questions VALUES(10,'4 priamky v rovine môžu rozdeliť rovinu na najviac $n$ častí. Nájdite $n$.','4 lines in a plane can divide the plane into at most $n$ parts. Find $n$.','["10","8","12","9","11"]','["10","8","12","9","11"]','["geometria","kombinatorika"]','["geometry","combinatorics"]',3,'single','2025-05-21 00:26:27.724 +00:00','2025-05-21 00:26:27.724 +00:00');
INSERT INTO questions VALUES(11,'Počet priesečníkov grafu $f(x)=x^2-3x+1$ a priamky $y=x-4$ je','The number of intersection points of the graph $f(x)=x^2-3x+1$ and the line $y=x-4$ is','["práve tri","žiadny","práve jeden","Žiadna z ostatných odpovedí nie je správna","práve dva"]','["exactly three","none","exactly one","None of the other answers is correct","exactly two"]','["algebra","funkcie"]','["algebra","functions"]',4,'single','2025-05-21 00:26:27.724 +00:00','2025-05-21 00:26:27.724 +00:00');
INSERT INTO questions VALUES(12,'Spoločný menovateľ zlomkov $\frac{x}{x+1}$, $\frac{x}{x^2-1}$, $\frac{x+1}{2+x}$ je','The common denominator of the fractions $\frac{x}{x+1}$, $\frac{x}{x^2-1}$, $\frac{x+1}{2+x}$ is','["$x^2 - 1$","$x + 1$","$x(x + 1)$","$x^3 + 2x^2 - x - 2$","Žiadna z ostatných odpovedí nie je správna"]','["$x^2 - 1$","$x + 1$","$x(x + 1)$","$x^3 + 2x^2 - x - 2$","None of the other answers is correct"]','["algebra","zlomky"]','["algebra","fractions"]',3,'single','2025-05-21 00:26:27.724 +00:00','2025-05-21 00:26:27.724 +00:00');
INSERT INTO questions VALUES(13,'Výrok: ''Ak študent maturoval z informatiky (I), tak nematuroval z matematiky (M) alebo nematuroval z fyziky (F)'' je ekvivalentný s','The statement: ''If a student graduated in computer science (I), then they did not graduate in mathematics (M) or did not graduate in physics (F)'' is equivalent to','["Študent maturoval buď zo všetkých troch predmetov F, I, M, alebo zo žiadneho z nich","Študent maturoval aspoň z jedného z predmetov F, I, M","Študent maturoval najviac z jedného z predmetov F, I, M","Študent maturoval aspoň z dvoch z predmetov F, I, M","Študent maturoval najviac z dvoch z predmetov F, I, M"]','["The student graduated either from all three subjects F, I, M, or from none of them","The student graduated from at least one of the subjects F, I, M","The student graduated from at most one of the subjects F, I, M","The student graduated from at least two of the subjects F, I, M","The student graduated from at most two of the subjects F, I, M"]','["logika"]','["logic"]',4,'single','2025-05-21 00:26:27.724 +00:00','2025-05-21 00:26:27.724 +00:00');
INSERT INTO questions VALUES(14,'Každý prvok množiny M je prirodzené číslo, ktoré buď je deliteľné tromi a nie je deliteľné jedenástimi, alebo nie je deliteľné tromi a je deliteľné jedenástimi. Vyberte množinu M.','Every element of set M is a natural number that is either divisible by three and not divisible by eleven, or not divisible by three and divisible by eleven. Select the set M.','["$M = \\{11, 22, 33\\}$","Žiadna z množín v ostatných odpovediach nemá danú vlastnosť","$M = \\{75, 121, 758961\\}$","$M = \\{174, 2772, 358479\\}$","$M = \\{675, 12549, 257866\\}$"]','["$M = \\{11, 22, 33\\}$","None of the sets in the other answers has the given property","$M = \\{75, 121, 758961\\}$","$M = \\{174, 2772, 358479\\}$","$M = \\{675, 12549, 257866\\}$"]','["teória čísel"]','["number theory"]',2,'single','2025-05-21 00:26:27.724 +00:00','2025-05-21 00:26:27.724 +00:00');
INSERT INTO questions VALUES(15,'Súčet prvých štyroch členov aritmetickej postupnosti $\{a_n\}$, ak $a_2 + a_3 = 8$, je','The sum of the first four terms of an arithmetic sequence $\{a_n\}$, if $a_2 + a_3 = 8$, is','["Nedá sa vypočítať","8","16","12","20"]','["Cannot be calculated","8","16","12","20"]','["algebra","postupnosti"]','["algebra","sequences"]',2,'single','2025-05-21 00:26:27.724 +00:00','2025-05-21 00:26:27.724 +00:00');
INSERT INTO questions VALUES(16,'V kocke so stranou $a$ je vpísaná guľa. A) Vyjadrite, koľko percent objemu kocky tvorí guľa. B) O koľko percent sa zmení pomer, ak stranu kocky zväčšíme dvojnásobne a guľu tiež.','A sphere is inscribed in a cube with side $a$. A) Express what percentage of the cube''s volume is the sphere. B) By what percentage will the ratio change if we double the side of the cube and also the sphere.',NULL,NULL,'["geometria","percentá"]','["geometry","percentages"]','"52.36, 0"','open','2025-05-21 00:26:27.724 +00:00','2025-05-21 00:26:27.724 +00:00');
INSERT INTO questions VALUES(17,'Zjednodušte výraz a určte podmienky riešenia','Simplify the expression and determine the solution conditions',NULL,NULL,'["algebra","zjednodušenie výrazov"]','["algebra","expression simplification"]','"$\\frac{a+1}{a-1}$"','open','2025-05-21 00:26:27.724 +00:00','2025-05-21 00:26:27.724 +00:00');
INSERT INTO questions VALUES(18,'V množine prirodzených čísel riešte nerovnicu: $\frac{2x-1}{5} - \frac{3-2x}{4} < \frac{3-x-1}{2}$','In the set of natural numbers, solve the inequality: $\frac{2x-1}{5} - \frac{3-2x}{4} < \frac{3-x-1}{2}$',NULL,NULL,'["algebra","nerovnice"]','["algebra","inequalities"]','"$\\{1, 2\\}$"','open','2025-05-21 00:26:27.724 +00:00','2025-05-21 00:26:27.724 +00:00');
INSERT INTO questions VALUES(19,'Vypočítajte povrch kocky s telesovou uhlopriečkou $u_s=12$ cm','Calculate the surface area of a cube with space diagonal $u_s=12$ cm',NULL,NULL,'["geometria"]','["geometry"]','"288"','open','2025-05-21 00:26:27.724 +00:00','2025-05-21 00:26:27.724 +00:00');
INSERT INTO questions VALUES(20,'Riešte rovnicu $3x^2+5x-2=0$','Solve the equation $3x^2+5x-2=0$',NULL,NULL,'["algebra","kvadratické rovnice"]','["algebra","quadratic equations"]','"$-2, \\frac{1}{3}$"','open','2025-05-21 00:26:27.724 +00:00','2025-05-21 00:26:27.724 +00:00');
INSERT INTO questions VALUES(23,'Určte vzdialenosť priesečníkov grafu $f(x)=x^2+2x-3$ s osou $x$','Determine the distance between the intersection points of the graph $f(x)=x^2+2x-3$ with the x-axis',NULL,NULL,'["algebra","funkcie"]','["algebra","functions"]','"4"','open','2025-05-21 00:26:27.777 +00:00','2025-05-21 00:26:27.777 +00:00');
INSERT INTO questions VALUES(24,'Určte pravdivosť výrokov: V1: Existuje prvočíslo deliteľné 8. V2: Všetky prvočísla sú nepárne. V3: Existuje celé číslo, ktoré nie je racionálne. V4: Existuje iracionálne číslo ako podiel prirodzených čísel. V5: Každé nepárne číslo je tvaru $2x+1$, $x\in\mathbb{Z}$.','Determine the truth of the statements: V1: There exists a prime number divisible by 8. V2: All prime numbers are odd. V3: There exists an integer that is not rational. V4: There exists an irrational number as a quotient of natural numbers. V5: Every odd number is of the form $2x+1$, $x\in\mathbb{Z}$.',NULL,NULL,'["teória čísel","logika"]','["number theory","logic"]','"False, False, False, True, True"','open','2025-05-21 00:26:27.777 +00:00','2025-05-21 00:26:27.777 +00:00');
INSERT INTO questions VALUES(25,'Nájdite vzdialenosť zdroja signálu od 2. detektora pomocou kosínusovej vety ($a=\sqrt{7}$ km, $c=1$ km, $\alpha=60^\circ$)','Find the distance of the signal source from the 2nd detector using the cosine theorem ($a=\sqrt{7}$ km, $c=1$ km, $\alpha=60^\circ$)',NULL,NULL,'["geometria","trigonometria"]','["geometry","trigonometry"]','"2"','open','2025-05-21 00:26:27.777 +00:00','2025-05-21 00:26:27.777 +00:00');
INSERT INTO questions VALUES(26,'Vypočítajte priemerný odpor tranzistorov (pôvodne 15 vzoriek s priemerom 172 mΩ, pridané vzorky: 148, 152, 150, 151, 159 mΩ)','Calculate the average resistance of transistors (originally 15 samples with average 172 mΩ, added samples: 148, 152, 150, 151, 159 mΩ)',NULL,NULL,'["štatistika"]','["statistics"]','"168.5"','open','2025-05-21 00:26:27.777 +00:00','2025-05-21 00:26:27.777 +00:00');
INSERT INTO questions VALUES(27,'Vypočítajte medznú frekvenciu filtra $f_t=\frac{1}{2\pi RC}$ pre $R=10^4 \Omega$, $C=10^{-7}$ F, $\frac{1}{2\pi}=0.16$','Calculate the cutoff frequency of the filter $f_t=\frac{1}{2\pi RC}$ for $R=10^4 \Omega$, $C=10^{-7}$ F, $\frac{1}{2\pi}=0.16$',NULL,NULL,'["fyzika","algebra"]','["physics","algebra"]','"160"','open','2025-05-21 00:26:27.777 +00:00','2025-05-21 00:26:27.777 +00:00');
INSERT INTO questions VALUES(28,'Vypočítajte výstupné napätie zosilňovača pre $U_m=1$ mV a zosilnenie $60=20\log\left(\frac{U_{out}}{U_m}\right)$','Calculate the output voltage of an amplifier for $U_m=1$ mV and gain $60=20\log\left(\frac{U_{out}}{U_m}\right)$',NULL,NULL,'["fyzika","logaritmy"]','["physics","logarithms"]','"1"','open','2025-05-21 00:26:27.777 +00:00','2025-05-21 00:26:27.777 +00:00');
INSERT INTO questions VALUES(30,'Koľkými spôsobmi si môže 5 spolužiakov (Adam, Betka, Cyril, Dávid, Evka) sadnúť do kina, ak Betka nechce sedieť vedľa Cyrila a Evka chce sedieť na kraji?','In how many ways can 5 classmates (Adam, Betka, Cyril, Dávid, Evka) sit in a cinema if Betka doesn''t want to sit next to Cyril and Evka wants to sit at the end?',NULL,NULL,'["kombinatorika"]','["combinatorics"]','"24"','open','2025-05-21 00:26:27.777 +00:00','2025-05-21 00:26:27.777 +00:00');
INSERT INTO questions VALUES(31,'Číslo 260 je súčinom piatoch po sebe idúcich čísel. Nájdite tieto čísla.','The number 260 is the sum of five consecutive numbers. Find these numbers.',NULL,NULL,'["algebra"]','["algebra"]','"50, 51, 52, 53, 54"','open','2025-05-21 00:26:27.777 +00:00','2025-05-21 00:26:27.777 +00:00');
INSERT INTO questions VALUES(33,'Ktorá parametrická rovnica opisuje priamku prechádzajúcu bodmi $A[-1;2]$ a $B[2;3]$?','Which parametric equation describes the line passing through points $A[-1;2]$ and $B[2;3]$?','["$x=2+3t; y=-1+t$","$x=3+3t; y=1+t$","$x=-1+t; y=2+3t$","$x=2-3t; y=3-t$","$x=3-t; y=1+2t$"]','["$x=2+3t; y=-1+t$","$x=3+3t; y=1+t$","$x=-1+t; y=2+3t$","$x=2-3t; y=3-t$","$x=3-t; y=1+2t$"]','["geometria","lineárna algebra"]','["geometry","linear algebra"]',3,'single','2025-05-21 00:26:27.777 +00:00','2025-05-21 00:26:27.777 +00:00');
INSERT INTO questions VALUES(34,'Kvadratická rovnica $2x^2 + 7x - 4 = 0$ má:','The quadratic equation $2x^2 + 7x - 4 = 0$ has:','["Práve dve riešenia, ktorých súčet je $-7$","Práve dve záporné riešenia","Práve dve riešenia, ktorých súčin je $-2$","Práve dve riešenia, ktorých súčin je $-4$","Práve dve kladné riešenia"]','["Exactly two solutions whose sum is $-7$","Exactly two negative solutions","Exactly two solutions whose product is $-2$","Exactly two solutions whose product is $-4$","Exactly two positive solutions"]','["algebra","kvadratické rovnice"]','["algebra","quadratic equations"]',2,'single','2025-05-21 00:26:27.777 +00:00','2025-05-21 00:26:27.777 +00:00');
INSERT INTO questions VALUES(35,'Koľko je trojciferných kódov z cifier $\{1,2,...,9\}$ s najviac dvomi rovnakými ciframi?','How many three-digit codes are there from digits $\{1,2,...,9\}$ with at most two identical digits?','["$10^3$","990","$(10)_3$","Žiadna z ostatných odpovedí nie je správna","$10\\cdot9\\cdot8$"]','["$10^3$","990","$(10)_3$","None of the other answers is correct","$10\\cdot9\\cdot8$"]','["kombinatorika"]','["combinatorics"]',1,'single','2025-05-21 00:26:27.777 +00:00','2025-05-21 00:26:27.777 +00:00');
INSERT INTO questions VALUES(36,'Súčet 17 rôznych prirodzených čísel je 154. Určte súčet dvoch najväčších z nich.','The sum of 17 different natural numbers is 154. Determine the sum of the two largest of them.',NULL,NULL,'["teória čísel"]','["number theory"]','"29"','open','2025-05-21 00:26:27.777 +00:00','2025-05-21 00:26:27.777 +00:00');
INSERT INTO questions VALUES(37,'Peter trénuje na polmaratón (1. deň 1000m, každý ďalší +250m). V určitý deň zabehol 21km. Koľko km spolu zabehol?','Peter is training for a half-marathon (1st day 1000m, each next day +250m). On a certain day he ran 21km. How many km did he run in total?',NULL,NULL,'["algebra","postupnosti"]','["algebra","sequences"]','"66"','open','2025-05-21 00:26:27.777 +00:00','2025-05-21 00:26:27.777 +00:00');
INSERT INTO questions VALUES(38,'Ktorý výraz zodpovedá tvrdeniu: ''Vzdialenosť čísla $x$ od $-4$ na číselnej osi je 5''?','Which expression corresponds to the statement: ''The distance of number $x$ from $-4$ on the number line is 5''?','["$x - 4 = 5$","$x + 4 = 5$","$|x - 4| = 5$","$|x + 4| = 5$","$x + 4 = |5|$"]','["$x - 4 = 5$","$x + 4 = 5$","$|x - 4| = 5$","$|x + 4| = 5$","$x + 4 = |5|$"]','["algebra"]','["algebra"]',3,'single','2025-05-21 00:26:27.777 +00:00','2025-05-21 00:26:27.777 +00:00');
INSERT INTO questions VALUES(39,'Zvuk prekoná 1km za 3s. Hrmenie bolo počuť 11s po blesku. V akej vzdialenosti je búrka?','Sound travels 1km in 3s. Thunder was heard 11s after lightning. How far is the storm?',NULL,NULL,'["fyzika"]','["physics"]','"3.67"','open','2025-05-21 00:26:27.777 +00:00','2025-05-21 00:26:27.777 +00:00');
INSERT INTO questions VALUES(40,'3D tlačiareň (2200€) zdražela o 50%, potom zlacnela o 10%, a nakoniec mala 10% kartovú zľavu. Aká je konečná cena?','A 3D printer (2200€) became 50% more expensive, then 10% cheaper, and finally had a 10% card discount. What is the final price?',NULL,NULL,'["percentá"]','["percentages"]','"2673"','open','2025-05-21 00:26:27.777 +00:00','2025-05-21 00:26:27.777 +00:00');
INSERT INTO questions VALUES(43,'Vypočítajte minimálny výkon klimatizácie pre väčšiu izbu (rozmery 540×300×280 cm, výkon 31W/m³)','Calculate the minimum power of air conditioning for a larger room (dimensions 540×300×280 cm, power 31W/m³)',NULL,NULL,'["geometria","prevody jednotiek"]','["geometry","unit conversion"]','"1400"','open','2025-05-21 00:26:27.777 +00:00','2025-05-21 00:26:27.777 +00:00');
INSERT INTO questions VALUES(44,'Do akej výšky siaha hladina vody v akváriu (50×20 cm podstava) s 100 litrami vody?','To what height does the water level reach in an aquarium (50×20 cm base) with 100 liters of water?',NULL,NULL,'["geometria","prevody jednotiek"]','["geometry","unit conversion"]','"100"','open','2025-05-21 00:26:27.777 +00:00','2025-05-21 00:26:27.777 +00:00');
INSERT INTO questions VALUES(46,'Riešte rovnicu $\log_{x-1}8 = 3$','Solve the equation $\log_{x-1}8 = 3$','["$x=3$","$x=1$","$x=4$","$x=2$","$x=5$"]','["$x=3$","$x=1$","$x=4$","$x=2$","$x=5$"]','["algebra","logaritmy"]','["algebra","logarithms"]',0,'single','2025-05-21 00:26:27.777 +00:00','2025-05-21 00:26:27.777 +00:00');
INSERT INTO questions VALUES(47,'Riešte rovnicu $5^{2x-1} = 25$','Solve the equation $5^{2x-1} = 25$','["$x=-1$","$x=-\\frac{1}{2}$","$x=1$","$x=2$","$x=0$"]','["$x=-1$","$x=-\\frac{1}{2}$","$x=1$","$x=2$","$x=0$"]','["algebra","exponenciálne rovnice"]','["algebra","exponential equations"]',2,'single','2025-05-21 00:26:27.777 +00:00','2025-05-21 00:26:27.777 +00:00');
INSERT INTO questions VALUES(48,'Spoločný menovateľ zlomkov $\frac{x}{x-2}$, $\frac{x}{x+2}$, $\frac{x}{4-x^2}$ je','The common denominator of the fractions $\frac{x}{x-2}$, $\frac{x}{x+2}$, $\frac{x}{4-x^2}$ is','["$x+2$","$x$","$x^2-4$","$x-2$","Žiadna z ostatných odpovedí nie je správna"]','["$x+2$","$x$","$x^2-4$","$x-2$","None of the other answers is correct"]','["algebra","zlomky"]','["algebra","fractions"]',2,'single','2025-05-21 00:26:27.815 +00:00','2025-05-21 00:26:27.815 +00:00');
INSERT INTO questions VALUES(49,'Rozklad kvadratického trojčlenu $3x^2 + 9x -12$ je','The factorization of the quadratic trinomial $3x^2 + 9x -12$ is','["$3(x+1)(x-4)$","$(x-3)(x+4)$","$3(x+1)(x+4)$","$3(x-1)(x+4)$","$3(x-2)(x+2)$"]','["$3(x+1)(x-4)$","$(x-3)(x+4)$","$3(x+1)(x+4)$","$3(x-1)(x+4)$","$3(x-2)(x+2)$"]','["algebra","polynómy"]','["algebra","polynomials"]',0,'single','2025-05-21 00:26:27.815 +00:00','2025-05-21 00:26:27.815 +00:00');
INSERT INTO questions VALUES(50,'Riešenie nerovnice $\frac{1-x}{x+5} \geq 2$ je','The solution to the inequality $\frac{1-x}{x+5} \geq 2$ is','["$(-5,-3\\rangle$","Žiadna z ostatných odpovedí nie je správna","$\\langle-5,-3\\rangle$","$(-\\infty,-5)\\cup\\langle-3,\\infty)$","$\\langle-5,-3)$"]','["$(-5,-3\\rangle$","None of the other answers is correct","$\\langle-5,-3\\rangle$","$(-\\infty,-5)\\cup\\langle-3,\\infty)$","$\\langle-5,-3)$"]','["algebra","nerovnice"]','["algebra","inequalities"]',0,'single','2025-05-21 00:26:27.815 +00:00','2025-05-21 00:26:27.815 +00:00');
INSERT INTO questions VALUES(51,'Definičný obor funkcie $f(x) = \log(3-x)$ je','The domain of the function $f(x) = \log(3-x)$ is','["$(-3,3)$","$(-\\infty,-3)$","$(-3,\\infty)$","$(-\\infty,3)$","$(3,\\infty)$"]','["$(-3,3)$","$(-\\infty,-3)$","$(-3,\\infty)$","$(-\\infty,3)$","$(3,\\infty)$"]','["algebra","funkcie"]','["algebra","functions"]',3,'single','2025-05-21 00:26:27.815 +00:00','2025-05-21 00:26:27.815 +00:00');
INSERT INTO questions VALUES(52,'Z výroku ''Bod A nie je priesečníkom priamok p a q'' vyplýva','From the statement ''Point A is not the intersection of lines p and q'' it follows that','["Bod A neleží na p alebo q","Bod A neleží na p ani q","Priamky p a q sú rovnobežné","Buď p alebo q nie je priamka","Priamky p a q majú iný priesečník"]','["Point A does not lie on p or q","Point A lies neither on p nor q","Lines p and q are parallel","Either p or q is not a line","Lines p and q have a different intersection"]','["geometria","logika"]','["geometry","logic"]',0,'single','2025-05-21 00:26:27.815 +00:00','2025-05-21 00:26:27.815 +00:00');
INSERT INTO questions VALUES(53,'Riešenie rovnice $2^{2x+1} = 4^{2x-3}$ patrí do intervalu','The solution to the equation $2^{2x+1} = 4^{2x-3}$ belongs to the interval','["$(-\\infty,0)\\cup(4,\\infty)$","$(2,3)$","$(1,2)$","$(3,4)$","$(0,1)$"]','["$(-\\infty,0)\\cup(4,\\infty)$","$(2,3)$","$(1,2)$","$(3,4)$","$(0,1)$"]','["algebra","exponenciálne rovnice"]','["algebra","exponential equations"]',3,'single','2025-05-21 00:26:27.815 +00:00','2025-05-21 00:26:27.815 +00:00');
INSERT INTO questions VALUES(54,'Zjednodušte výraz $(\frac{1}{a} + 1) : (a + 2 + \frac{1-2(a+1)^2}{a})$ pre $a\neq0, a\neq-1$','Simplify the expression $(\frac{1}{a} + 1) : (a + 2 + \frac{1-2(a+1)^2}{a})$ for $a\neq0, a\neq-1$','["Žiadna z ostatných odpovedí nie je správna","$\\frac{2a}{1-a}$","$\\frac{1}{1-a}$","$-\\frac{1}{1+a}$","$\\frac{1}{a}$"]','["None of the other answers is correct","$\\frac{2a}{1-a}$","$\\frac{1}{1-a}$","$-\\frac{1}{1+a}$","$\\frac{1}{a}$"]','["algebra","zjednodušenie výrazov"]','["algebra","expression simplification"]',2,'single','2025-05-21 00:26:27.815 +00:00','2025-05-21 00:26:27.815 +00:00');
INSERT INTO questions VALUES(55,'Lineárna funkcia $f(x)=3x+1$','The linear function $f(x)=3x+1$','["má nulový bod $1$","má nulový bod $\\frac{1}{3}$","má nulové body $1$ a $3$","Žiadna z ostatných odpovedí nie je pravdivá","nemá nulové body"]','["has a zero at $1$","has a zero at $\\frac{1}{3}$","has zeros at $1$ and $3$","None of the other answers is true","has no zeros"]','["algebra","lineárne funkcie"]','["algebra","linear functions"]',1,'single','2025-05-21 00:26:27.815 +00:00','2025-05-21 00:26:27.815 +00:00');
INSERT INTO questions VALUES(56,'Riešenie rovnice $|x-2|=5$ je','The solution to the equation $|x-2|=5$ is','["$\\{1,5\\}$","$\\{7\\}$","$\\{2,5\\}$","$\\{-3,2,7\\}$","$\\{-3,7\\}$"]','["$\\{1,5\\}$","$\\{7\\}$","$\\{2,5\\}$","$\\{-3,2,7\\}$","$\\{-3,7\\}$"]','["algebra","absolútna hodnota"]','["algebra","absolute value"]',4,'single','2025-05-21 00:26:27.815 +00:00','2025-05-21 00:26:27.815 +00:00');
INSERT INTO questions VALUES(57,'Graf funkcie $f(x)=3x^2-5x+2$','The graph of the function $f(x)=3x^2-5x+2$','["leží celý nad osou $x$","leží celý pod osou $x$","Žiadna z ostatných odpovedí nie je správna","pretína os $x$ v dvoch bodoch","dotýka sa osi $x$ v jednom bode"]','["lies entirely above the x-axis","lies entirely below the x-axis","None of the other answers is correct","intersects the x-axis at two points","touches the x-axis at one point"]','["algebra","funkcie"]','["algebra","functions"]',3,'single','2025-05-21 00:26:27.815 +00:00','2025-05-21 00:26:27.815 +00:00');
INSERT INTO questions VALUES(58,'Koľkými spôsobmi sa dá rozdeliť pravidelný šesťuholník na 4 neprekrývajúce sa trojuholníky?','In how many ways can a regular hexagon be divided into 4 non-overlapping triangles?','["6","12","14","18","Žiadna z ostatných odpovedí nie je správna"]','["6","12","14","18","None of the other answers is correct"]','["geometria","kombinatorika"]','["geometry","combinatorics"]',2,'single','2025-05-21 00:26:27.815 +00:00','2025-05-21 00:26:27.815 +00:00');
INSERT INTO questions VALUES(59,'Množina riešení rovnice $2 \sin x = \tan x$ je','The solution set of the equation $2 \sin x = \tan x$ is','["$\\{\\frac{\\pi}{3} + 2k\\pi\\}$","$\\{k\\pi\\} \\cup \\{\\frac{\\pi}{3} + k\\pi\\}$","Nemá riešenie","$\\{k\\pi\\} \\cup \\{\\frac{\\pi}{3} + 2k\\pi\\} \\cup \\{-\\frac{\\pi}{3} + 2k\\pi\\}$","$\\{k\\pi\\}$"]','["$\\{\\frac{\\pi}{3} + 2k\\pi\\}$","$\\{k\\pi\\} \\cup \\{\\frac{\\pi}{3} + k\\pi\\}$","Has no solution","$\\{k\\pi\\} \\cup \\{\\frac{\\pi}{3} + 2k\\pi\\} \\cup \\{-\\frac{\\pi}{3} + 2k\\pi\\}$","$\\{k\\pi\\}$"]','["trigonometria"]','["trigonometry"]',1,'single','2025-05-21 00:26:27.815 +00:00','2025-05-21 00:26:27.815 +00:00');
INSERT INTO questions VALUES(60,'Prienik dvoch trojuholníkov je úsečka. Ich zjednotenie je','The intersection of two triangles is a segment. Their union is','["trojuholník alebo štvoruholník","trojuholník, štvoruholník, päťuholník alebo šesťuholník","trojuholník, štvoruholník alebo päťuholník","trojuholník","štvoruholník"]','["triangle or quadrilateral","triangle, quadrilateral, pentagon or hexagon","triangle, quadrilateral or pentagon","triangle","quadrilateral"]','["geometria"]','["geometry"]',1,'single','2025-05-21 00:26:27.815 +00:00','2025-05-21 00:26:27.815 +00:00');
INSERT INTO questions VALUES(61,'Nulové body funkcie $f(x)=2x+4$ sú','The zeros of the function $f(x)=2x+4$ are','["Má jeden nulový bod: $4$","Žiadna z ostatných odpovedí nie je pravdivá","Má dva nulové body: $2$ a $4$","Má jeden nulový bod: $2$","Nemá žiaden nulový bod"]','["Has one zero: $4$","None of the other answers is true","Has two zeros: $2$ and $4$","Has one zero: $2$","Has no zeros"]','["algebra","lineárne funkcie"]','["algebra","linear functions"]',3,'single','2025-05-21 00:26:27.815 +00:00','2025-05-21 00:26:27.815 +00:00');
INSERT INTO questions VALUES(62,'Polomery sústredných kružníc s plochou medzikružia $3\pi$ sú','The radii of concentric circles with an annulus area of $3\pi$ are','["$r_1=\\frac{3}{2}, r_2=3$","$r_1=1, r_2=4$","$r_1=\\sqrt{5}, r_2=2\\sqrt{2}$","$r_1=3, r_2=12$","$r_1=\\sqrt{12}, r_2=\\sqrt{6}$"]','["$r_1=\\frac{3}{2}, r_2=3$","$r_1=1, r_2=4$","$r_1=\\sqrt{5}, r_2=2\\sqrt{2}$","$r_1=3, r_2=12$","$r_1=\\sqrt{12}, r_2=\\sqrt{6}$"]','["geometria"]','["geometry"]',1,'single','2025-05-21 00:26:27.815 +00:00','2025-05-21 00:26:27.815 +00:00');
INSERT INTO questions VALUES(63,'Rovnica $2^x + (\frac{1}{2})^x = 2$','The equation $2^x + (\frac{1}{2})^x = 2$','["má riešenia so súčinom $1$","má riešenia so súčtom $2$","má práve jedno riešenie","nemá riešenie","má riešenia so súčtom $0$"]','["has solutions with product $1$","has solutions with sum $2$","has exactly one solution","has no solution","has solutions with sum $0$"]','["algebra","exponenciálne rovnice"]','["algebra","exponential equations"]',2,'single','2025-05-21 00:26:27.815 +00:00','2025-05-21 00:26:27.815 +00:00');
INSERT INTO questions VALUES(64,'Súčet prvých 5 členov AP s $a_2+a_3+a_4=9$ je','The sum of the first 5 terms of an AP with $a_2+a_3+a_4=9$ is','["18","6","Nedá sa určiť","15","9"]','["18","6","Cannot be determined","15","9"]','["algebra","postupnosti"]','["algebra","sequences"]',3,'single','2025-05-21 00:26:27.815 +00:00','2025-05-21 00:26:27.815 +00:00');
INSERT INTO questions VALUES(65,'Kvadratická rovnica $3x^2+2x-3=0$ má','The quadratic equation $3x^2+2x-3=0$ has','["práve jedno riešenie","riešenia so súčinom $-3$","dve záporné riešenia","riešenia so súčinom $-1$","dve kladné riešenia"]','["exactly one solution","solutions with product $-3$","two negative solutions","solutions with product $-1$","two positive solutions"]','["algebra","kvadratické rovnice"]','["algebra","quadratic equations"]',1,'single','2025-05-21 00:26:27.815 +00:00','2025-05-21 00:26:27.815 +00:00');
INSERT INTO questions VALUES(66,'Zjednodušenie výrazu $\frac{a^2-2ab+b^2}{a^2-a^2-ab^2+b^2}$ pre $a\neq b, a\neq -b$','Simplification of the expression $\frac{a^2-2ab+b^2}{a^2-a^2-ab^2+b^2}$ for $a\neq b, a\neq -b$','["$\\frac{1}{a-b}$","Žiadna z ostatných odpovedí nie je správna","$a+b$","$\\frac{1}{a+b}$","$a-b$"]','["$\\frac{1}{a-b}$","None of the other answers is correct","$a+b$","$\\frac{1}{a+b}$","$a-b$"]','["algebra","zjednodušenie výrazov"]','["algebra","expression simplification"]',3,'single','2025-05-21 00:26:27.815 +00:00','2025-05-21 00:26:27.815 +00:00');
INSERT INTO questions VALUES(67,'Rovnica $\sqrt{1+x-2x^2} = \sqrt{x}$ (v $\mathbb{R}$)','The equation $\sqrt{1+x-2x^2} = \sqrt{x}$ (in $\mathbb{R}$)','["nemá riešenie","má iracionálne korene","má korene so súčinom $-\\frac{1}{2}$","má celočíselný koreň","má práve jeden koreň"]','["has no solution","has irrational roots","has roots with product $-\\frac{1}{2}$","has an integer root","has exactly one root"]','["algebra","iracionálne rovnice"]','["algebra","irrational equations"]',4,'single','2025-05-21 00:26:27.815 +00:00','2025-05-21 00:26:27.815 +00:00');
INSERT INTO questions VALUES(68,'Obvod kosoštvorca s uhlopriečkami 6cm a 8cm je','The perimeter of a rhombus with diagonals 6cm and 8cm is','["16cm","Nedá sa určiť","14cm","28cm","20cm"]','["16cm","Cannot be determined","14cm","28cm","20cm"]','["geometria"]','["geometry"]',4,'single','2025-05-21 00:26:27.853 +00:00','2025-05-21 00:26:27.853 +00:00');
INSERT INTO questions VALUES(69,'Počet štvorciferných čísel so všetkými rôznymi ciframi','The number of four-digit numbers with all different digits','["$9\\cdot9\\cdot8\\cdot7$","$10\\cdot9\\cdot8\\cdot6$","$10\\cdot9\\cdot8\\cdot7$","9000","Žiadna z ostatných"]','["$9\\cdot9\\cdot8\\cdot7$","$10\\cdot9\\cdot8\\cdot6$","$10\\cdot9\\cdot8\\cdot7$","9000","None of the others"]','["kombinatorika"]','["combinatorics"]',0,'single','2025-05-21 00:26:27.853 +00:00','2025-05-21 00:26:27.853 +00:00');
INSERT INTO questions VALUES(70,'Počet priesečníkov $f(x)=x^2-2x+2$ a $y=1$','The number of intersection points of $f(x)=x^2-2x+2$ and $y=1$','["Žiadna z ostatných","3","1","2","0"]','["None of the others","3","1","2","0"]','["algebra","funkcie"]','["algebra","functions"]',3,'single','2025-05-21 00:26:27.853 +00:00','2025-05-21 00:26:27.853 +00:00');
INSERT INTO questions VALUES(71,'Riešenia rovnice $\sin x = \cos x$','Solutions to the equation $\sin x = \cos x$','["$\\{k\\pi\\} \\cup \\{\\frac{\\pi}{4}+k\\pi\\}$","$\\{\\frac{\\pi}{4}+k\\pi\\}$","$\\{\\frac{\\pi}{4}+2k\\pi\\}$","$\\{k\\pi\\}$","prázdna množina"]','["$\\{k\\pi\\} \\cup \\{\\frac{\\pi}{4}+k\\pi\\}$","$\\{\\frac{\\pi}{4}+k\\pi\\}$","$\\{\\frac{\\pi}{4}+2k\\pi\\}$","$\\{k\\pi\\}$","empty set"]','["trigonometria"]','["trigonometry"]',1,'single','2025-05-21 00:26:27.853 +00:00','2025-05-21 00:26:27.853 +00:00');
INSERT INTO questions VALUES(72,'Spoločný menovateľ zlomkov $\frac{x+1}{x-1}$, $\frac{x-1}{x+1}$, $\frac{-x}{1+x^2}$','Common denominator of the fractions $\frac{x+1}{x-1}$, $\frac{x-1}{x+1}$, $\frac{-x}{1+x^2}$','["Žiadna z ostatných","$1-x^2$","$1+x^2$","$x^4-1$","$x$"]','["None of the others","$1-x^2$","$1+x^2$","$x^4-1$","$x$"]','["algebra","zlomky"]','["algebra","fractions"]',3,'single','2025-05-21 00:26:27.853 +00:00','2025-05-21 00:26:27.853 +00:00');
INSERT INTO questions VALUES(73,'Ak $\log3=a$ a $\log2=b$, potom $\log12=$','If $\log3=a$ and $\log2=b$, then $\log12=$','["$2ab$","$2a+b$","$4a$","$a+b^2$","$a+2b$"]','["$2ab$","$2a+b$","$4a$","$a+b^2$","$a+2b$"]','["algebra","logaritmy"]','["algebra","logarithms"]',1,'single','2025-05-21 00:26:27.853 +00:00','2025-05-21 00:26:27.853 +00:00');
INSERT INTO questions VALUES(74,'Množina M prirodzených čísel deliteľných práve dvomi z $\{3,11,33\}$','Set M of natural numbers divisible by exactly two of $\{3,11,33\}$','["$M=\\emptyset$","$M=\\{11,22,33\\}$","$M=\\{75,121,758961\\}$","$M=\\{174,2772,358479\\}$","$M=\\{675,12549,257866\\}$"]','["$M=\\emptyset$","$M=\\{11,22,33\\}$","$M=\\{75,121,758961\\}$","$M=\\{174,2772,358479\\}$","$M=\\{675,12549,257866\\}$"]','["teória čísel"]','["number theory"]',2,'single','2025-05-21 00:26:27.853 +00:00','2025-05-21 00:26:27.853 +00:00');
INSERT INTO questions VALUES(75,'Riešenie nerovnice $\left|\frac{x-3}{2x-5}\right| \geq 1$','Solution to the inequality $\left|\frac{x-3}{2x-5}\right| \geq 1$','["$(2,\\frac{8}{3})$","Žiadna z ostatných","$(2,\\frac{5}{2}) \\cup (\\frac{5}{2},\\frac{8}{3})$","$(2,\\frac{5}{2}) \\cup (\\frac{5}{2},\\frac{8}{3})$","$(2,\\frac{5}{2})$"]','["$(2,\\frac{8}{3})$","None of the others","$(2,\\frac{5}{2}) \\cup (\\frac{5}{2},\\frac{8}{3})$","$(2,\\frac{5}{2}) \\cup (\\frac{5}{2},\\frac{8}{3})$","$(2,\\frac{5}{2})$"]','["algebra","nerovnice"]','["algebra","inequalities"]',2,'single','2025-05-21 00:26:27.853 +00:00','2025-05-21 00:26:27.853 +00:00');
INSERT INTO questions VALUES(76,'Negácia výroku: ''Ak má $\triangle ABC$ zhodné uhly pri $A,B$, tak je rovnostranný''','Negation of the statement: ''If $\triangle ABC$ has equal angles at $A,B$, then it is equilateral''','["Ak má $\\triangle ABC$ zhodné uhly pri $A,B$, tak je rovnoramenný","Ak je $\\triangle ABC$ rovnostranný, tak má zhodné uhly pri $A,B$","$\\triangle ABC$ má zhodné uhly pri $A,B$ a nie je rovnostranný","$\\triangle ABC$ je rovnostranný a nemá zhodné uhly pri $A,B$","Ak má $\\triangle ABC$ zhodné uhly pri $A,B,C$, tak je rovnostranný"]','["If $\\triangle ABC$ has equal angles at $A,B$, then it is isosceles","If $\\triangle ABC$ is equilateral, then it has equal angles at $A,B$","$\\triangle ABC$ has equal angles at $A,B$ and is not equilateral","$\\triangle ABC$ is equilateral and does not have equal angles at $A,B$","If $\\triangle ABC$ has equal angles at $A,B,C$, then it is equilateral"]','["logika"]','["logic"]',2,'single','2025-05-21 00:26:27.853 +00:00','2025-05-21 00:26:27.853 +00:00');
INSERT INTO questions VALUES(77,'Nulové body funkcie $f(x)=3x-1$','Zeros of the function $f(x)=3x-1$','["Žiadna z ostatných","Nemá nulové body","$1$ a $3$","$\\frac{1}{3}$","$1$"]','["None of the others","Has no zeros","$1$ and $3$","$\\frac{1}{3}$","$1$"]','["algebra","lineárne funkcie"]','["algebra","linear functions"]',3,'single','2025-05-21 00:26:27.853 +00:00','2025-05-21 00:26:27.853 +00:00');
INSERT INTO questions VALUES(78,'Kvadratická rovnica $2x^2+x-5=0$ má','The quadratic equation $2x^2+x-5=0$ has','["práve jedno riešenie","dve záporné riešenia","riešenia so súčinom $-5$","riešenia so súčtom $-\\frac{1}{2}$","dve kladné riešenia"]','["exactly one solution","two negative solutions","solutions with product $-5$","solutions with sum $-\\frac{1}{2}$","two positive solutions"]','["algebra","kvadratické rovnice"]','["algebra","quadratic equations"]',2,'single','2025-05-21 00:26:27.853 +00:00','2025-05-21 00:26:27.853 +00:00');
INSERT INTO questions VALUES(79,'Rovnica $\sqrt{-x^2-2x-9} = \sqrt{4x}$ (v $\mathbb{R}$)','The equation $\sqrt{-x^2-2x-9} = \sqrt{4x}$ (in $\mathbb{R}$)','["má celočíselný koreň","má korene so súčtom $\\frac{5}{2}$","má iracionálne korene","má korene so súčinom $-\\frac{3}{2}$","nemá riešenie"]','["has an integer root","has roots with sum $\\frac{5}{2}$","has irrational roots","has roots with product $-\\frac{3}{2}$","has no solution"]','["algebra","iracionálne rovnice"]','["algebra","irrational equations"]',4,'single','2025-05-21 00:26:27.853 +00:00','2025-05-21 00:26:27.853 +00:00');
INSERT INTO questions VALUES(80,'Riešenie nerovnice $\frac{2x^2-3x+5}{x+1} \geq 2$','Solution to the inequality $\frac{2x^2-3x+5}{x+1} \geq 2$','["Žiadna z ostatných","$(-\\infty,1) \\cup (\\frac{3}{2},\\infty)$","$(\\frac{3}{2},\\infty)$","$(-1,1) \\cup (\\frac{3}{2},\\infty)$","$(1,\\infty)$"]','["None of the others","$(-\\infty,1) \\cup (\\frac{3}{2},\\infty)$","$(\\frac{3}{2},\\infty)$","$(-1,1) \\cup (\\frac{3}{2},\\infty)$","$(1,\\infty)$"]','["algebra","nerovnice"]','["algebra","inequalities"]',2,'single','2025-05-21 00:26:27.853 +00:00','2025-05-21 00:26:27.853 +00:00');
INSERT INTO questions VALUES(81,'Množina dvojciferných čísel deliteľných 4 a 6, ale nie 8','Set of two-digit numbers divisible by 4 and 6, but not by 8','["$\\{36,72\\}$","$\\{12,36,60,84\\}$","$\\emptyset$","$\\{12,24,...,96\\}$","$\\{24,48,72,96\\}$"]','["$\\{36,72\\}$","$\\{12,36,60,84\\}$","$\\emptyset$","$\\{12,24,...,96\\}$","$\\{24,48,72,96\\}$"]','["teória čísel"]','["number theory"]',1,'single','2025-05-21 00:26:27.853 +00:00','2025-05-21 00:26:27.853 +00:00');
INSERT INTO questions VALUES(82,'Počet štvorciferných čísel s dvomi párnymi a dvomi nepárnymi ciframi (0=párna)','Number of four-digit numbers with two even and two odd digits (0=even)','["Žiadna z ostatných","$5^3\\cdot4$","$5^3\\cdot3^3$","$10\\cdot10\\cdot5\\cdot5$","$5^4$"]','["None of the others","$5^3\\cdot4$","$5^3\\cdot3^3$","$10\\cdot10\\cdot5\\cdot5$","$5^4$"]','["kombinatorika"]','["combinatorics"]',3,'single','2025-05-21 00:26:27.853 +00:00','2025-05-21 00:26:27.853 +00:00');
INSERT INTO questions VALUES(83,'Ak $\log3=a$ a $\log4=b$, potom $\log6=$','If $\log3=a$ and $\log4=b$, then $\log6=$','["$a+\\sqrt{b}$","$3b$","$a+\\frac{b}{2}$","$2a$"]','["$a+\\sqrt{b}$","$3b$","$a+\\frac{b}{2}$","$2a$"]','["algebra","logaritmy"]','["algebra","logarithms"]',2,'single','2025-05-21 00:26:27.853 +00:00','2025-05-21 00:26:27.853 +00:00');
INSERT INTO questions VALUES(84,'100. člen AP s $a_{n+1}=a_n-\frac{1}{3}$, $a_1=65$','100th term of AP with $a_{n+1}=a_n-\frac{1}{3}$, $a_1=65$','["$-\\frac{100}{3}$","32","$\\frac{95}{3}$","$\\frac{194}{3}$","0"]','["$-\\frac{100}{3}$","32","$\\frac{95}{3}$","$\\frac{194}{3}$","0"]','["algebra","postupnosti"]','["algebra","sequences"]',1,'single','2025-05-21 00:26:27.853 +00:00','2025-05-21 00:26:27.853 +00:00');
INSERT INTO questions VALUES(85,'Dĺžka strany rovnostranného $\triangle ABC$, kde $A$ je vzdialený 1 od priamky $BC$','Length of the side of equilateral $\triangle ABC$ where $A$ is 1 unit away from line $BC$','["$\\frac{1}{\\sqrt{3}}$","1","$\\frac{1}{\\sqrt{5}}$","Žiadna z ostatných"]','["$\\frac{1}{\\sqrt{3}}$","1","$\\frac{1}{\\sqrt{5}}$","None of the others"]','["geometria"]','["geometry"]',0,'single','2025-05-21 00:26:27.853 +00:00','2025-05-21 00:26:27.853 +00:00');
INSERT INTO questions VALUES(86,'Rovnica $4^x - 2^x = 2$','The equation $4^x - 2^x = 2$','["nemá riešenie","má práve jedno riešenie","má riešenia so súčtom $1$","má riešenia $x=0$ a $x=1$","má riešenia so súčtom $-1$"]','["has no solution","has exactly one solution","has solutions with sum $1$","has solutions $x=0$ and $x=1$","has solutions with sum $-1$"]','["algebra","exponenciálne rovnice"]','["algebra","exponential equations"]',1,'single','2025-05-21 00:26:27.853 +00:00','2025-05-21 00:26:27.853 +00:00');
INSERT INTO questions VALUES(87,'Zjednodušenie výrazu $\frac{1-\sqrt{a}}{1+\sqrt{a}} : \frac{1-a}{1+a}$ pre $a\geq0, a\neq1$','Simplification of the expression $\frac{1-\sqrt{a}}{1+\sqrt{a}} : \frac{1-a}{1+a}$ for $a\geq0, a\neq1$','["$1 - \\frac{2\\sqrt{a}}{1+2\\sqrt{a}+a}$","$\\frac{1+\\sqrt{a}}{1-\\sqrt{a}}$","Žiadna z ostatných","$1 - \\frac{\\sqrt{a}}{1+a}$","$1$"]','["$1 - \\frac{2\\sqrt{a}}{1+2\\sqrt{a}+a}$","$\\frac{1+\\sqrt{a}}{1-\\sqrt{a}}$","None of the others","$1 - \\frac{\\sqrt{a}}{1+a}$","$1$"]','["algebra","zjednodušenie výrazov"]','["algebra","expression simplification"]',1,'single','2025-05-21 00:26:27.853 +00:00','2025-05-21 00:26:27.853 +00:00');
INSERT INTO questions VALUES(91,'Ktoré z nasledujúcich tvrdení o kvadratickej rovnici $x^2 - 4x + 4 = 0$ sú pravdivé?','Which of the following statements about the quadratic equation $x^2 - 4x + 4 = 0$ are true?','["Rovnica má presne jedno riešenie.","Rovnica má dva rovnaké reálne korene.","Súčin koreňov rovnice je 4.","Súčet koreňov rovnice je -4.","Rovnica nemá reálne riešenia."]','["The equation has exactly one solution.","The equation has two identical real roots.","The product of the roots of the equation is 4.","The sum of the roots of the equation is -4.","The equation has no real solutions."]','["algebra","kvadratické rovnice"]','["algebra","quadratic equations"]','[0,1,2]','multiple','2025-05-21 00:24:05.810 +00:00','2025-05-21 00:24:05.810 +00:00');
INSERT INTO questions VALUES(92,'Ktoré z nasledujúcich vlastností platia pre funkciu $f(x) = \sin x + \cos x$ na intervale $[0, 2\pi]$?','Which of the following properties hold for the function $f(x) = \sin x + \cos x$ on the interval $[0, 2\pi]$?','["Funkcia má maximum v bode $x = \\frac{\\pi}{4}$.","Funkcia má minimum v bode $x = \\frac{5\\pi}{4}$.","Funkcia má nulový bod v $x = \\frac{3\\pi}{4}$.","Funkcia je periodická s periódou $\\pi$.","Funkcia dosahuje hodnotu $\\sqrt{2}$."]','["The function has a maximum at $x = \\frac{\\pi}{4}$.","The function has a minimum at $x = \\frac{5\\pi}{4}$.","The function has a zero at $x = \\frac{3\\pi}{4}$.","The function is periodic with period $\\pi$.","The function attains the value $\\sqrt{2}$."]','["trigonometria","funkcie"]','["trigonometry","functions"]','[0,1,2,4]','multiple','2025-05-21 00:24:05.810 +00:00','2025-05-21 00:24:05.810 +00:00');
INSERT INTO questions VALUES(93,'Ktoré z nasledujúcich čísel patria do množiny prirodzených čísel deliteľných 6, ale nie 9?','Which of the following numbers belong to the set of natural numbers divisible by 6 but not by 9?','["12","18","24","36","42"]','["12","18","24","36","42"]','["teória čísel"]','["number theory"]','[0,2,4]','multiple','2025-05-21 00:24:05.810 +00:00','2025-05-21 00:24:05.810 +00:00');
INSERT INTO questions VALUES(94,'Ktoré z nasledujúcich tvrdení o geometrickej postupnosti s prvým členom $a_1 = 2$ a kvocientom $q = 3$ sú pravdivé?','Which of the following statements about the geometric sequence with first term $a_1 = 2$ and ratio $q = 3$ are true?','["Druhý člen postupnosti je 6.","Tretí člen postupnosti je 18.","Súčet prvých troch členov je 26.","Štvrtý člen postupnosti je 54.","Postupnosť je klesajúca."]','["The second term of the sequence is 6.","The third term of the sequence is 18.","The sum of the first three terms is 26.","The fourth term of the sequence is 54.","The sequence is decreasing."]','["algebra","postupnosti"]','["algebra","sequences"]','[0,1,2,3]','multiple','2025-05-21 00:24:05.810 +00:00','2025-05-21 00:24:05.810 +00:00');
INSERT INTO questions VALUES(95,'Ktoré z nasledujúcich tvrdení o rovnici $|x - 1| = 3$ sú pravdivé?','Which of the following statements about the equation $|x - 1| = 3$ are true?','["Rovnica má dva reálne korene.","Riešenia rovnice sú $x = -2$ a $x = 4$.","Súčet koreňov rovnice je 2.","Rovnica nemá žiadne riešenie.","Súčin koreňov rovnice je -8."]','["The equation has two real roots.","The solutions of the equation are $x = -2$ and $x = 4$.","The sum of the roots of the equation is 2.","The equation has no solutions.","The product of the roots of the equation is -8."]','["algebra","absolútna hodnota"]','["algebra","absolute value"]','[0,1,2,4]','multiple','2025-05-21 00:24:05.810 +00:00','2025-05-21 00:24:05.810 +00:00');
CREATE TABLE `tests_history` (`id` INTEGER PRIMARY KEY AUTOINCREMENT, `test_date` DATETIME NOT NULL, `city` VARCHAR(255), `country` VARCHAR(255), `createdAt` DATETIME NOT NULL, `updatedAt` DATETIME NOT NULL);
INSERT INTO tests_history VALUES(10,'2025-05-20 22:33:36.674 +00:00','Kovarce','Slovakia','2025-05-20 22:33:36.676 +00:00','2025-05-20 22:33:36.676 +00:00');
INSERT INTO tests_history VALUES(11,'2025-05-20 23:56:20.416 +00:00','Kovarce','Slovakia','2025-05-20 23:56:20.417 +00:00','2025-05-20 23:56:20.417 +00:00');
INSERT INTO tests_history VALUES(12,'2025-05-21 00:13:02.636 +00:00','Kovarce','Slovakia','2025-05-21 00:13:02.636 +00:00','2025-05-21 00:13:02.636 +00:00');
INSERT INTO tests_history VALUES(13,'2025-05-21 00:15:57.197 +00:00','Kovarce','Slovakia','2025-05-21 00:15:57.197 +00:00','2025-05-21 00:15:57.197 +00:00');
INSERT INTO tests_history VALUES(14,'2025-05-21 00:17:42.897 +00:00','Kovarce','Slovakia','2025-05-21 00:17:42.897 +00:00','2025-05-21 00:17:42.897 +00:00');
INSERT INTO tests_history VALUES(15,'2025-05-21 00:18:05.836 +00:00','Kovarce','Slovakia','2025-05-21 00:18:05.836 +00:00','2025-05-21 00:18:05.836 +00:00');
INSERT INTO tests_history VALUES(16,'2025-05-21 00:24:32.611 +00:00','Kovarce','Slovakia','2025-05-21 00:24:32.613 +00:00','2025-05-21 00:24:32.613 +00:00');
INSERT INTO tests_history VALUES(17,'2025-05-21 00:48:08.696 +00:00','Kovarce','Slovakia','2025-05-21 00:48:08.698 +00:00','2025-05-21 00:48:08.698 +00:00');
INSERT INTO tests_history VALUES(18,'2025-05-21 01:56:06.582 +00:00','Kovarce','Slovakia','2025-05-21 01:56:06.584 +00:00','2025-05-21 01:56:06.584 +00:00');
INSERT INTO tests_history VALUES(19,'2025-05-21 02:00:51.979 +00:00','Kovarce','Slovakia','2025-05-21 02:00:51.981 +00:00','2025-05-21 02:00:51.981 +00:00');
INSERT INTO tests_history VALUES(20,'2025-05-21 02:01:28.076 +00:00','Kovarce','Slovakia','2025-05-21 02:01:28.077 +00:00','2025-05-21 02:01:28.077 +00:00');
INSERT INTO tests_history VALUES(21,'2025-05-21 02:01:36.500 +00:00','Kovarce','Slovakia','2025-05-21 02:01:36.500 +00:00','2025-05-21 02:01:36.500 +00:00');
INSERT INTO tests_history VALUES(22,'2025-05-21 02:01:41.998 +00:00','Kovarce','Slovakia','2025-05-21 02:01:41.999 +00:00','2025-05-21 02:01:41.999 +00:00');
INSERT INTO tests_history VALUES(23,'2025-05-21 02:01:49.036 +00:00','Kovarce','Slovakia','2025-05-21 02:01:49.036 +00:00','2025-05-21 02:01:49.036 +00:00');
INSERT INTO tests_history VALUES(24,'2025-05-21 02:01:54.613 +00:00','Kovarce','Slovakia','2025-05-21 02:01:54.613 +00:00','2025-05-21 02:01:54.613 +00:00');
INSERT INTO tests_history VALUES(25,'2025-05-21 02:02:00.228 +00:00','Kovarce','Slovakia','2025-05-21 02:02:00.228 +00:00','2025-05-21 02:02:00.228 +00:00');
INSERT INTO tests_history VALUES(26,'2025-05-21 02:02:05.243 +00:00','Kovarce','Slovakia','2025-05-21 02:02:05.243 +00:00','2025-05-21 02:02:05.243 +00:00');
INSERT INTO tests_history VALUES(27,'2025-05-21 02:02:10.759 +00:00','Kovarce','Slovakia','2025-05-21 02:02:10.759 +00:00','2025-05-21 02:02:10.759 +00:00');
INSERT INTO tests_history VALUES(28,'2025-05-21 02:02:39.107 +00:00','Kovarce','Slovakia','2025-05-21 02:02:39.107 +00:00','2025-05-21 02:02:39.107 +00:00');
INSERT INTO tests_history VALUES(29,'2025-05-21 02:02:58.817 +00:00','Kovarce','Slovakia','2025-05-21 02:02:58.817 +00:00','2025-05-21 02:02:58.817 +00:00');
INSERT INTO tests_history VALUES(30,'2025-05-21 02:16:25.215 +00:00','Kovarce','Slovakia','2025-05-21 02:16:25.217 +00:00','2025-05-21 02:16:25.217 +00:00');
CREATE TABLE `questions_history` (`id` INTEGER PRIMARY KEY AUTOINCREMENT, `question_id` INTEGER NOT NULL REFERENCES `questions` (`id`) ON DELETE CASCADE ON UPDATE CASCADE, `test_history_id` INTEGER REFERENCES `tests_history` (`id`) ON DELETE SET NULL ON UPDATE CASCADE, `is_correct` TINYINT(1) NOT NULL DEFAULT 0, `time_taken` INTEGER, `user_answer` JSON NOT NULL, `createdAt` DATETIME NOT NULL, `updatedAt` DATETIME NOT NULL);
INSERT INTO questions_history VALUES(31,91,16,0,12000,'[3,2]','2025-05-21 00:24:32.634 +00:00','2025-05-21 00:24:32.634 +00:00');
INSERT INTO questions_history VALUES(32,93,16,1,11000,'[0,2,4]','2025-05-21 00:24:32.634 +00:00','2025-05-21 00:24:32.634 +00:00');
INSERT INTO questions_history VALUES(33,28,17,1,3000,'"1"','2025-05-21 00:48:08.720 +00:00','2025-05-21 00:48:08.720 +00:00');
INSERT INTO questions_history VALUES(34,83,17,0,2000,3,'2025-05-21 00:48:08.720 +00:00','2025-05-21 00:48:08.720 +00:00');
INSERT INTO questions_history VALUES(35,4,18,1,3000,2,'2025-05-21 01:56:06.608 +00:00','2025-05-21 01:56:06.608 +00:00');
INSERT INTO questions_history VALUES(36,16,18,0,3000,'"8"','2025-05-21 01:56:06.608 +00:00','2025-05-21 01:56:06.608 +00:00');
INSERT INTO questions_history VALUES(37,28,19,1,5000,'"1"','2025-05-21 02:00:52.001 +00:00','2025-05-21 02:00:52.001 +00:00');
INSERT INTO questions_history VALUES(38,82,19,0,1000,4,'2025-05-21 02:00:52.001 +00:00','2025-05-21 02:00:52.001 +00:00');
INSERT INTO questions_history VALUES(39,23,20,1,32000,'"4"','2025-05-21 02:01:28.087 +00:00','2025-05-21 02:01:28.087 +00:00');
INSERT INTO questions_history VALUES(40,92,20,0,2000,'[4]','2025-05-21 02:01:28.087 +00:00','2025-05-21 02:01:28.087 +00:00');
INSERT INTO questions_history VALUES(41,38,21,1,2000,3,'2025-05-21 02:01:36.511 +00:00','2025-05-21 02:01:36.511 +00:00');
INSERT INTO questions_history VALUES(42,52,21,0,2000,1,'2025-05-21 02:01:36.511 +00:00','2025-05-21 02:01:36.511 +00:00');
INSERT INTO questions_history VALUES(43,9,22,0,1000,4,'2025-05-21 02:01:42.027 +00:00','2025-05-21 02:01:42.027 +00:00');
INSERT INTO questions_history VALUES(44,76,22,0,1000,4,'2025-05-21 02:01:42.027 +00:00','2025-05-21 02:01:42.027 +00:00');
INSERT INTO questions_history VALUES(45,15,23,0,2000,4,'2025-05-21 02:01:49.046 +00:00','2025-05-21 02:01:49.046 +00:00');
INSERT INTO questions_history VALUES(46,62,23,0,3000,4,'2025-05-21 02:01:49.046 +00:00','2025-05-21 02:01:49.046 +00:00');
INSERT INTO questions_history VALUES(47,33,24,0,1000,4,'2025-05-21 02:01:54.622 +00:00','2025-05-21 02:01:54.622 +00:00');
INSERT INTO questions_history VALUES(48,68,24,1,2000,4,'2025-05-21 02:01:54.622 +00:00','2025-05-21 02:01:54.622 +00:00');
INSERT INTO questions_history VALUES(49,57,25,0,2000,4,'2025-05-21 02:02:00.239 +00:00','2025-05-21 02:02:00.239 +00:00');
INSERT INTO questions_history VALUES(50,87,25,0,1000,3,'2025-05-21 02:02:00.239 +00:00','2025-05-21 02:02:00.239 +00:00');
INSERT INTO questions_history VALUES(51,48,26,0,1000,4,'2025-05-21 02:02:05.252 +00:00','2025-05-21 02:02:05.252 +00:00');
INSERT INTO questions_history VALUES(52,73,26,0,2000,4,'2025-05-21 02:02:05.252 +00:00','2025-05-21 02:02:05.252 +00:00');
INSERT INTO questions_history VALUES(53,47,27,0,1000,4,'2025-05-21 02:02:10.770 +00:00','2025-05-21 02:02:10.770 +00:00');
INSERT INTO questions_history VALUES(54,91,27,0,2000,'[4]','2025-05-21 02:02:10.770 +00:00','2025-05-21 02:02:10.770 +00:00');
INSERT INTO questions_history VALUES(55,25,28,1,14000,'"2"','2025-05-21 02:02:39.117 +00:00','2025-05-21 02:02:39.117 +00:00');
INSERT INTO questions_history VALUES(56,31,28,0,10000,'"51, 52, 53, 54, 55"','2025-05-21 02:02:39.117 +00:00','2025-05-21 02:02:39.117 +00:00');
INSERT INTO questions_history VALUES(57,39,29,1,10000,'"3.67"','2025-05-21 02:02:58.826 +00:00','2025-05-21 02:02:58.826 +00:00');
INSERT INTO questions_history VALUES(58,40,29,0,5000,'"1"','2025-05-21 02:02:58.826 +00:00','2025-05-21 02:02:58.826 +00:00');
INSERT INTO questions_history VALUES(59,6,30,0,2000,3,'2025-05-21 02:16:25.234 +00:00','2025-05-21 02:16:25.234 +00:00');
INSERT INTO questions_history VALUES(60,26,30,0,3000,'"1"','2025-05-21 02:16:25.234 +00:00','2025-05-21 02:16:25.234 +00:00');
INSERT INTO questions_history VALUES(61,60,30,0,1000,4,'2025-05-21 02:16:25.234 +00:00','2025-05-21 02:16:25.234 +00:00');
INSERT INTO questions_history VALUES(62,75,30,0,1000,4,'2025-05-21 02:16:25.234 +00:00','2025-05-21 02:16:25.234 +00:00');
INSERT INTO questions_history VALUES(63,78,30,0,1000,3,'2025-05-21 02:16:25.234 +00:00','2025-05-21 02:16:25.234 +00:00');
INSERT INTO questions_history VALUES(64,80,30,0,1000,4,'2025-05-21 02:16:25.234 +00:00','2025-05-21 02:16:25.234 +00:00');
INSERT INTO questions_history VALUES(65,83,30,0,1000,3,'2025-05-21 02:16:25.234 +00:00','2025-05-21 02:16:25.234 +00:00');
INSERT INTO questions_history VALUES(66,84,30,0,2000,4,'2025-05-21 02:16:25.234 +00:00','2025-05-21 02:16:25.234 +00:00');
INSERT INTO questions_history VALUES(67,85,30,0,1000,3,'2025-05-21 02:16:25.234 +00:00','2025-05-21 02:16:25.234 +00:00');
INSERT INTO questions_history VALUES(68,86,30,0,1000,4,'2025-05-21 02:16:25.234 +00:00','2025-05-21 02:16:25.234 +00:00');
INSERT INTO sqlite_sequence VALUES('Users',3);
INSERT INTO sqlite_sequence VALUES('questions',95);
INSERT INTO sqlite_sequence VALUES('tests_history',30);
INSERT INTO sqlite_sequence VALUES('questions_history',68);
CREATE INDEX `questions_id` ON `questions` (`id`);
CREATE INDEX `questions_areas_sk` ON `questions` (`areas_sk`);
CREATE INDEX `questions_areas_en` ON `questions` (`areas_en`);
CREATE INDEX `questions_history_question_id` ON `questions_history` (`question_id`);
CREATE INDEX `questions_history_test_history_id` ON `questions_history` (`test_history_id`);
COMMIT;
